account_id,plan_tier,industry,seats,contract_value_monthly,tenure_days,risk_score,risk_tier,top_risk_drivers,recommended_action,days_since_last_login,login_momentum_7_30,support_ticket_trend_14_60,latest_nps,as_of_date
ACC-01026,Growth,Healthcare,3,552.64,114,0.514,Medium,Login frequency down 55% vs their own 30-day average,Check in with an async usage summary or a light-touch 'how's it going' email.,3.0,0.4511278195488721,0.2499999375000156,10.0,2026-06-22
ACC-00541,Growth,Professional Services,6,579.5,128,0.484,Medium,Login frequency down 40% vs their own 30-day average,Check in with an async usage summary or a light-touch 'how's it going' email.,0.0,0.5971896955503513,0.3333332222222592,,2026-06-27
ACC-00907,Enterprise,Manufacturing,10,3885.02,86,0.449,Medium,Low NPS/survey response (5/10),Personally follow up on their survey feedback; treat as a save-play priority.,0.0,0.6571428571428571,0.999999000001,5.0,2026-06-28
ACC-00519,Starter,Healthcare,9,965.73,72,0.426,Medium,Low NPS/survey response (5/10),Personally follow up on their survey feedback; treat as a save-play priority.,0.0,0.7192807192807192,0.2499999375000156,5.0,2026-06-24
ACC-00812,Starter,Professional Services,5,220.81,72,0.393,Low,Low NPS/survey response (2/10),Personally follow up on their survey feedback; treat as a save-play priority.,0.0,1.1154598825831703,0.2499999375000156,2.0,2026-06-25
ACC-00162,Growth,Logistics,3,448.9,184,0.35,Low,Login frequency down 66% vs their own 30-day average,Check in with an async usage summary or a light-touch 'how's it going' email.,2.0,0.3383458646616541,0.3333332222222592,10.0,2026-06-28
ACC-00550,Scale,Logistics,6,713.37,79,0.294,Low,Login frequency down 49% vs their own 30-day average | Low NPS/survey response (4/10),Check in with an async usage summary or a light-touch 'how's it going' email.,3.0,0.5142857142857142,0.2499999375000156,4.0,2026-06-25
ACC-00063,Growth,Media,7,1060.5,163,0.239,Low,Low NPS/survey response (3/10),Personally follow up on their survey feedback; treat as a save-play priority.,0.0,0.7653061224489796,0.0,3.0,2026-06-24
ACC-00229,Starter,EdTech,7,374.09,51,0.218,Low,Low NPS/survey response (0/10),Personally follow up on their survey feedback; treat as a save-play priority.,0.0,0.7681940700808626,0.333333277777787,0.0,2026-06-26
ACC-00735,Scale,Manufacturing,3,420.91,219,0.196,Low,No single dominant signal — risk driven by a broad combination of factors,Review full usage trend in the dashboard before deciding on outreach.,0.0,0.637065637065637,0.4999998750000312,7.0,2026-06-25
ACC-00772,Starter,Healthcare,4,436.33,72,0.184,Low,No single dominant signal — risk driven by a broad combination of factors,Review full usage trend in the dashboard before deciding on outreach.,0.0,0.6949806949806949,0.0,10.0,2026-06-26
ACC-00671,Growth,Manufacturing,2,134.79,79,0.181,Low,No single dominant signal — risk driven by a broad combination of factors,Review full usage trend in the dashboard before deciding on outreach.,0.0,0.9266409266409266,0.0,,2026-06-26
ACC-00166,Scale,Professional Services,21,2360.51,163,0.175,Low,Low NPS/survey response (6/10),Personally follow up on their survey feedback; treat as a save-play priority.,0.0,0.7521865889212829,0.6666664444445185,6.0,2026-06-27
ACC-00893,Starter,Healthcare,8,243.88,44,0.164,Low,Login frequency down 50% vs their own 30-day average,Check in with an async usage summary or a light-touch 'how's it going' email.,0.0,0.4993065187239944,0.199999960000008,,2026-06-22
ACC-01102,Growth,Logistics,3,459.79,79,0.162,Low,No single dominant signal — risk driven by a broad combination of factors,Review full usage trend in the dashboard before deciding on outreach.,0.0,1.1428571428571428,0.4999999166666805,,2026-06-22
ACC-00113,Growth,Logistics,3,477.08,51,0.161,Low,No single dominant signal — risk driven by a broad combination of factors,Review full usage trend in the dashboard before deciding on outreach.,0.0,1.1224489795918369,0.0,7.0,2026-06-24
ACC-00197,Growth,Healthcare,16,2016.48,65,0.151,Low,No single dominant signal — risk driven by a broad combination of factors,Review full usage trend in the dashboard before deciding on outreach.,0.0,0.912442396313364,0.4999998750000312,9.0,2026-06-22
ACC-00922,Starter,Manufacturing,14,738.58,72,0.141,Low,No single dominant signal — risk driven by a broad combination of factors,Review full usage trend in the dashboard before deciding on outreach.,0.0,0.9959758551307848,0.4999998750000312,8.0,2026-06-27
ACC-00469,Growth,Healthcare,21,3121.96,219,0.138,Low,Login frequency down 41% vs their own 30-day average | Low NPS/survey response (3/10),Check in with an async usage summary or a light-touch 'how's it going' email.,0.0,0.5873015873015873,0.499999750000125,3.0,2026-06-27
ACC-00213,Enterprise,Logistics,4,1599.33,72,0.135,Low,No single dominant signal — risk driven by a broad combination of factors,Review full usage trend in the dashboard before deciding on outreach.,0.0,0.759493670886076,0.999999000001,,2026-06-28
ACC-00552,Scale,Retail,3,304.19,93,0.132,Low,No single dominant signal — risk driven by a broad combination of factors,Review full usage trend in the dashboard before deciding on outreach.,0.0,0.9937888198757764,0.499999750000125,8.0,2026-06-26
ACC-00021,Starter,Retail,4,431.62,100,0.131,Low,Low NPS/survey response (1/10),Personally follow up on their survey feedback; treat as a save-play priority.,2.0,0.6912442396313363,0.0,1.0,2026-06-28
ACC-00785,Growth,Media,7,896.23,93,0.129,Low,Login frequency down 61% vs their own 30-day average,Check in with an async usage summary or a light-touch 'how's it going' email.,1.0,0.3947368421052631,0.0,8.0,2026-06-28
ACC-00262,Starter,Media,1,51.65,44,0.113,Low,Low NPS/survey response (2/10),Personally follow up on their survey feedback; treat as a save-play priority.,3.0,0.7142857142857143,0.0,2.0,2026-06-22
ACC-00046,Growth,Logistics,18,2696.24,37,0.103,Low,No single dominant signal — risk driven by a broad combination of factors,Review full usage trend in the dashboard before deciding on outreach.,0.0,0.7857142857142857,0.0,,2026-06-26
ACC-00224,Growth,Manufacturing,3,495.35,51,0.1,Low,No single dominant signal — risk driven by a broad combination of factors,Review full usage trend in the dashboard before deciding on outreach.,0.0,1.52073732718894,0.9999996666667778,7.0,2026-06-23
ACC-00290,Scale,Retail,15,1330.03,37,0.09,Low,Login frequency down 42% vs their own 30-day average,Check in with an async usage summary or a light-touch 'how's it going' email.,0.0,0.5756929637526653,0.499999750000125,,2026-06-27
ACC-00141,Growth,Media,4,474.55,79,0.087,Low,No single dominant signal — risk driven by a broad combination of factors,Review full usage trend in the dashboard before deciding on outreach.,0.0,1.0112359550561798,0.99999950000025,9.0,2026-06-26
ACC-00533,Starter,Manufacturing,12,489.79,79,0.086,Low,No single dominant signal — risk driven by a broad combination of factors,Review full usage trend in the dashboard before deciding on outreach.,0.0,0.8345864661654135,0.999999000001,10.0,2026-06-27
ACC-00643,Growth,Professional Services,3,448.48,65,0.084,Low,No single dominant signal — risk driven by a broad combination of factors,Review full usage trend in the dashboard before deciding on outreach.,0.0,1.512605042016807,0.0,7.0,2026-06-23
ACC-00791,Enterprise,FinTech,79,24733.52,58,0.08,Low,Low NPS/survey response (2/10),Personally follow up on their survey feedback; treat as a save-play priority.,0.0,1.1111111111111112,0.499999750000125,2.0,2026-06-27
ACC-00807,Starter,Professional Services,14,857.51,86,0.078,Low,No single dominant signal — risk driven by a broad combination of factors,Review full usage trend in the dashboard before deciding on outreach.,0.0,1.105990783410138,0.99999950000025,10.0,2026-06-24
ACC-00285,Enterprise,FinTech,51,9163.66,72,0.078,Low,No single dominant signal — risk driven by a broad combination of factors,Review full usage trend in the dashboard before deciding on outreach.,0.0,1.1313394018205465,0.2499999375000156,,2026-06-27
ACC-00878,Starter,Retail,2,166.0,58,0.076,Low,No single dominant signal — risk driven by a broad combination of factors,Review full usage trend in the dashboard before deciding on outreach.,1.0,0.6857142857142856,0.599999880000024,9.0,2026-06-22
ACC-00744,Starter,EdTech,5,241.12,44,0.075,Low,No single dominant signal — risk driven by a broad combination of factors,Review full usage trend in the dashboard before deciding on outreach.,0.0,0.8035714285714286,0.0,,2026-06-23
ACC-00501,Enterprise,Media,24,6843.1,37,0.074,Low,No single dominant signal — risk driven by a broad combination of factors,Review full usage trend in the dashboard before deciding on outreach.,0.0,0.6755805770584096,0.499999750000125,9.0,2026-06-23
ACC-00773,Scale,Professional Services,31,6753.89,44,0.074,Low,No single dominant signal — risk driven by a broad combination of factors,Review full usage trend in the dashboard before deciding on outreach.,0.0,0.9705124534783852,0.399999920000016,,2026-06-26
ACC-00729,Starter,Professional Services,10,1025.99,79,0.072,Low,Low NPS/survey response (3/10),Personally follow up on their survey feedback; treat as a save-play priority.,0.0,0.706436420722135,0.3333332222222592,3.0,2026-06-24
ACC-00905,Starter,Logistics,4,460.39,79,0.068,Low,Low NPS/survey response (3/10),Personally follow up on their survey feedback; treat as a save-play priority.,1.0,1.0150375939849623,0.6666664444445185,3.0,2026-06-24
ACC-00712,Enterprise,Retail,12,4969.16,93,0.065,Low,No single dominant signal — risk driven by a broad combination of factors,Review full usage trend in the dashboard before deciding on outreach.,0.0,0.9873949579831932,0.0,10.0,2026-06-25
ACC-00362,Growth,Manufacturing,5,310.96,135,0.063,Low,Login frequency down 46% vs their own 30-day average,Check in with an async usage summary or a light-touch 'how's it going' email.,1.0,0.5424954792043399,0.0,10.0,2026-06-24
ACC-00342,Scale,Media,8,794.48,37,0.058,Low,No single dominant signal — risk driven by a broad combination of factors,Review full usage trend in the dashboard before deciding on outreach.,0.0,0.9133489461358316,0.0,,2026-06-26
ACC-00728,Starter,Logistics,2,139.65,44,0.057,Low,Login frequency down 50% vs their own 30-day average,Check in with an async usage summary or a light-touch 'how's it going' email.,1.0,0.5042016806722689,0.0,,2026-06-26
ACC-00462,Starter,Healthcare,3,279.59,205,0.056,Low,Low NPS/survey response (2/10),Personally follow up on their survey feedback; treat as a save-play priority.,0.0,0.6818181818181819,0.499999750000125,2.0,2026-06-24
ACC-00986,Starter,Logistics,9,635.67,79,0.055,Low,Low NPS/survey response (2/10),Personally follow up on their survey feedback; treat as a save-play priority.,0.0,0.9008189262966332,0.0,2.0,2026-06-22
ACC-01133,Scale,Logistics,9,1830.37,37,0.055,Low,No single dominant signal — risk driven by a broad combination of factors,Review full usage trend in the dashboard before deciding on outreach.,0.0,0.6766917293233082,0.0,,2026-06-24
ACC-00387,Starter,Logistics,1,90.41,79,0.053,Low,Very narrow feature adoption (avg 1.5 features/day) | Low NPS/survey response (4/10),Offer a tailored onboarding refresh or feature-adoption session.,1.0,0.9890109890109888,0.0,4.0,2026-06-22
ACC-00996,Starter,Logistics,6,461.01,58,0.052,Low,No single dominant signal — risk driven by a broad combination of factors,Review full usage trend in the dashboard before deciding on outreach.,0.0,1.0261569416498992,0.399999920000016,9.0,2026-06-23
ACC-00283,Growth,Healthcare,2,354.69,30,0.05,Low,No single dominant signal — risk driven by a broad combination of factors,Review full usage trend in the dashboard before deciding on outreach.,0.0,1.020408163265306,0.0,,2026-06-27
ACC-00955,Growth,Professional Services,3,193.64,93,0.049,Low,No single dominant signal — risk driven by a broad combination of factors,Review full usage trend in the dashboard before deciding on outreach.,1.0,0.7346938775510203,0.6666664444445185,9.0,2026-06-28
ACC-00549,Starter,Logistics,4,465.62,72,0.049,Low,No single dominant signal — risk driven by a broad combination of factors,Review full usage trend in the dashboard before deciding on outreach.,0.0,1.0389610389610389,0.0,8.0,2026-06-23
ACC-00521,Scale,Retail,5,1164.43,37,0.048,Low,Login frequency down 45% vs their own 30-day average,Check in with an async usage summary or a light-touch 'how's it going' email.,0.0,0.5510204081632654,0.0,7.0,2026-06-26
ACC-01147,Growth,Logistics,6,827.22,79,0.048,Low,Low NPS/survey response (3/10),Personally follow up on their survey feedback; treat as a save-play priority.,0.0,1.3636363636363638,0.499999750000125,3.0,2026-06-22
ACC-00600,Starter,Healthcare,5,160.41,177,0.046,Low,Login frequency down 46% vs their own 30-day average | Low NPS/survey response (6/10),Check in with an async usage summary or a light-touch 'how's it going' email.,0.0,0.5432595573440644,0.0,6.0,2026-06-24
ACC-00260,Scale,Media,4,530.71,30,0.045,Low,Low NPS/survey response (4/10),Personally follow up on their survey feedback; treat as a save-play priority.,0.0,0.9523809523809524,0.999999000001,4.0,2026-06-26
ACC-00080,Growth,Professional Services,5,638.13,107,0.044,Low,No single dominant signal — risk driven by a broad combination of factors,Review full usage trend in the dashboard before deciding on outreach.,0.0,0.8571428571428571,0.4285713673469475,7.0,2026-06-23
ACC-00272,Growth,Logistics,8,856.34,72,0.043,Low,No single dominant signal — risk driven by a broad combination of factors,Review full usage trend in the dashboard before deciding on outreach.,0.0,0.8766233766233767,0.0,10.0,2026-06-23
ACC-01081,Starter,Logistics,4,471.66,72,0.042,Low,Low NPS/survey response (5/10),Personally follow up on their survey feedback; treat as a save-play priority.,0.0,1.324675324675325,0.0,5.0,2026-06-23
ACC-00935,Starter,FinTech,2,177.46,93,0.042,Low,No single dominant signal — risk driven by a broad combination of factors,Review full usage trend in the dashboard before deciding on outreach.,3.0,1.2129380053908356,0.3333332222222592,,2026-06-28
ACC-00691,Growth,EdTech,3,379.87,79,0.042,Low,No single dominant signal — risk driven by a broad combination of factors,Review full usage trend in the dashboard before deciding on outreach.,0.0,0.8866995073891625,0.199999960000008,,2026-06-24
ACC-00173,Starter,Healthcare,1,102.4,79,0.042,Low,Login frequency down 77% vs their own 30-day average | Active days per week down 67% vs baseline | Low NPS/survey response (3/10),Check in with an async usage summary or a light-touch 'how's it going' email.,5.0,0.225563909774436,0.0,3.0,2026-06-24
ACC-01002,Growth,EdTech,5,668.47,100,0.041,Low,No single dominant signal — risk driven by a broad combination of factors,Review full usage trend in the dashboard before deciding on outreach.,0.0,1.12987012987013,0.99999950000025,10.0,2026-06-24
ACC-00564,Starter,Logistics,6,440.98,72,0.041,Low,No single dominant signal — risk driven by a broad combination of factors,Review full usage trend in the dashboard before deciding on outreach.,0.0,0.9230769230769232,0.0,8.0,2026-06-26
ACC-00964,Starter,Healthcare,3,312.37,79,0.041,Low,No single dominant signal — risk driven by a broad combination of factors,Review full usage trend in the dashboard before deciding on outreach.,0.0,0.75,0.999999000001,8.0,2026-06-24
ACC-00184,Starter,EdTech,13,1118.19,72,0.041,Low,No single dominant signal — risk driven by a broad combination of factors,Review full usage trend in the dashboard before deciding on outreach.,0.0,0.9966777408637874,0.2499999375000156,10.0,2026-06-24
ACC-00068,Starter,Healthcare,6,393.54,65,0.041,Low,No single dominant signal — risk driven by a broad combination of factors,Review full usage trend in the dashboard before deciding on outreach.,0.0,0.8866995073891625,0.6666664444445185,,2026-06-24
ACC-00397,Growth,Healthcare,1,166.66,156,0.039,Low,Low NPS/survey response (4/10),Personally follow up on their survey feedback; treat as a save-play priority.,3.0,1.3392857142857144,0.0,4.0,2026-06-22
ACC-00579,Growth,Manufacturing,1,84.55,37,0.039,Low,Login frequency down 52% vs their own 30-day average,Check in with an async usage summary or a light-touch 'how's it going' email.,5.0,0.4761904761904761,0.499999750000125,,2026-06-23
ACC-00741,Growth,Media,6,671.97,79,0.038,Low,No single dominant signal — risk driven by a broad combination of factors,Review full usage trend in the dashboard before deciding on outreach.,0.0,1.346938775510204,0.199999960000008,9.0,2026-06-23
ACC-00990,Growth,Healthcare,3,507.91,51,0.037,Low,Login frequency down 60% vs their own 30-day average | Low NPS/survey response (1/10),Check in with an async usage summary or a light-touch 'how's it going' email.,0.0,0.3968253968253968,0.99999950000025,1.0,2026-06-25
ACC-01163,Enterprise,Logistics,16,2078.31,86,0.036,Low,No single dominant signal — risk driven by a broad combination of factors,Review full usage trend in the dashboard before deciding on outreach.,0.0,0.7803837953091685,0.999999000001,8.0,2026-06-27
ACC-00368,Scale,Manufacturing,7,1355.81,72,0.035,Low,Low NPS/survey response (3/10),Personally follow up on their survey feedback; treat as a save-play priority.,0.0,0.7346938775510203,0.499999750000125,3.0,2026-06-23
ACC-01101,Starter,EdTech,2,205.95,72,0.035,Low,No single dominant signal — risk driven by a broad combination of factors,Review full usage trend in the dashboard before deciding on outreach.,0.0,1.3533834586466165,0.999999000001,8.0,2026-06-25
ACC-01110,Growth,Retail,3,519.61,30,0.034,Low,Low NPS/survey response (0/10),Personally follow up on their survey feedback; treat as a save-play priority.,1.0,1.0714285714285714,0.4999998750000312,0.0,2026-06-24
ACC-00279,Growth,Media,2,273.46,100,0.033,Low,Login frequency down 67% vs their own 30-day average | Active days per week down 57% vs baseline,Check in with an async usage summary or a light-touch 'how's it going' email.,6.0,0.3296703296703296,0.0,8.0,2026-06-26
ACC-00130,Starter,Professional Services,5,348.29,72,0.032,Low,Login frequency down 54% vs their own 30-day average,Check in with an async usage summary or a light-touch 'how's it going' email.,0.0,0.4559270516717325,0.0,,2026-06-23
ACC-01152,Starter,EdTech,1,107.6,30,0.032,Low,No single dominant signal — risk driven by a broad combination of factors,Review full usage trend in the dashboard before deciding on outreach.,5.0,1.4285714285714284,0.599999880000024,,2026-06-23
ACC-00477,Starter,Professional Services,7,699.2,100,0.031,Low,No single dominant signal — risk driven by a broad combination of factors,Review full usage trend in the dashboard before deciding on outreach.,0.0,1.0,0.2499999375000156,,2026-06-28
ACC-00433,Growth,Manufacturing,14,1636.56,72,0.03,Low,No single dominant signal — risk driven by a broad combination of factors,Review full usage trend in the dashboard before deciding on outreach.,0.0,1.130587204206836,0.3333332222222592,10.0,2026-06-26
ACC-00731,Growth,Healthcare,7,1249.91,107,0.03,Low,Login frequency down 43% vs their own 30-day average,Check in with an async usage summary or a light-touch 'how's it going' email.,0.0,0.5679862306368331,0.333333277777787,8.0,2026-06-23
ACC-00004,Starter,Healthcare,3,161.26,58,0.029,Low,No single dominant signal — risk driven by a broad combination of factors,Review full usage trend in the dashboard before deciding on outreach.,1.0,0.879120879120879,0.3333332222222592,,2026-06-25
ACC-00204,Enterprise,Media,26,3341.31,30,0.028,Low,No single dominant signal — risk driven by a broad combination of factors,Review full usage trend in the dashboard before deciding on outreach.,0.0,0.7905686546463246,0.99999950000025,,2026-06-24
ACC-01060,Growth,EdTech,6,866.14,86,0.028,Low,No single dominant signal — risk driven by a broad combination of factors,Review full usage trend in the dashboard before deciding on outreach.,0.0,0.9620991253644317,0.4999998750000312,10.0,2026-06-23
ACC-01183,Starter,Logistics,5,355.46,72,0.027,Low,No single dominant signal — risk driven by a broad combination of factors,Review full usage trend in the dashboard before deciding on outreach.,0.0,0.7407407407407407,0.999999000001,8.0,2026-06-24
ACC-01113,Starter,Media,1,105.36,30,0.027,Low,Login frequency down 64% vs their own 30-day average | Active days per week down 61% vs baseline,Check in with an async usage summary or a light-touch 'how's it going' email.,2.0,0.3571428571428571,0.999999000001,,2026-06-26
ACC-00659,Starter,Professional Services,18,1845.08,44,0.026,Low,No single dominant signal — risk driven by a broad combination of factors,Review full usage trend in the dashboard before deciding on outreach.,0.0,0.8502024291497977,0.7499998125000469,,2026-06-28
ACC-00743,Growth,EdTech,2,273.38,107,0.026,Low,Low NPS/survey response (5/10),Personally follow up on their survey feedback; treat as a save-play priority.,0.0,1.4285714285714286,0.199999960000008,5.0,2026-06-25
ACC-01008,Starter,Manufacturing,2,156.56,79,0.026,Low,Login frequency down 46% vs their own 30-day average,Check in with an async usage summary or a light-touch 'how's it going' email.,2.0,0.5357142857142857,0.0,10.0,2026-06-23
ACC-00044,Growth,Professional Services,5,921.09,198,0.026,Low,Low NPS/survey response (2/10),Personally follow up on their survey feedback; treat as a save-play priority.,1.0,0.8458646616541353,0.0,2.0,2026-06-27
ACC-00338,Scale,Retail,20,2407.35,51,0.025,Low,Low NPS/survey response (5/10),Personally follow up on their survey feedback; treat as a save-play priority.,0.0,0.8775510204081634,0.3333332222222592,5.0,2026-06-24
ACC-00219,Scale,Manufacturing,4,860.99,233,0.025,Low,No single dominant signal — risk driven by a broad combination of factors,Review full usage trend in the dashboard before deciding on outreach.,0.0,0.7728337236533959,0.399999920000016,7.0,2026-06-23
ACC-00207,Growth,Media,10,1857.7,79,0.025,Low,No single dominant signal — risk driven by a broad combination of factors,Review full usage trend in the dashboard before deciding on outreach.,0.0,0.7755102040816327,0.0,,2026-06-26
ACC-00372,Growth,Media,6,1115.25,86,0.024,Low,Low NPS/survey response (2/10),Personally follow up on their survey feedback; treat as a save-play priority.,0.0,0.875251509054326,0.0,2.0,2026-06-23
ACC-00005,Scale,Healthcare,8,1637.51,79,0.024,Low,No single dominant signal — risk driven by a broad combination of factors,Review full usage trend in the dashboard before deciding on outreach.,0.0,0.9821428571428572,0.0,,2026-06-23
ACC-00991,Growth,Healthcare,6,717.47,51,0.023,Low,No single dominant signal — risk driven by a broad combination of factors,Review full usage trend in the dashboard before deciding on outreach.,0.0,1.0150375939849623,0.9999996666667778,,2026-06-26
ACC-00637,Scale,Media,17,2801.17,79,0.023,Low,Low NPS/survey response (3/10),Personally follow up on their survey feedback; treat as a save-play priority.,0.0,1.0356224752111642,0.3333332222222592,3.0,2026-06-24
ACC-00112,Enterprise,Logistics,18,8594.83,72,0.023,Low,No single dominant signal — risk driven by a broad combination of factors,Review full usage trend in the dashboard before deciding on outreach.,0.0,0.9863013698630138,0.0,9.0,2026-06-28
ACC-00073,Starter,FinTech,1,43.57,72,0.023,Low,Login frequency down 52% vs their own 30-day average | Low NPS/survey response (5/10),Check in with an async usage summary or a light-touch 'how's it going' email.,5.0,0.4761904761904761,0.0,5.0,2026-06-28
ACC-00170,Growth,Healthcare,5,619.89,86,0.023,Low,No single dominant signal — risk driven by a broad combination of factors,Review full usage trend in the dashboard before deciding on outreach.,0.0,0.8571428571428571,0.0,8.0,2026-06-25
ACC-01024,Scale,Logistics,3,463.27,170,0.022,Low,Low NPS/survey response (2/10),Personally follow up on their survey feedback; treat as a save-play priority.,0.0,0.8362369337979093,0.0,2.0,2026-06-27
ACC-00836,Starter,EdTech,5,342.22,135,0.022,Low,No single dominant signal — risk driven by a broad combination of factors,Review full usage trend in the dashboard before deciding on outreach.,0.0,0.7936507936507936,0.6666664444445185,9.0,2026-06-24
ACC-00607,Growth,FinTech,26,2025.1,93,0.022,Low,Low NPS/survey response (2/10),Personally follow up on their survey feedback; treat as a save-play priority.,0.0,0.850599781897492,0.0,2.0,2026-06-25
ACC-00631,Starter,EdTech,3,142.99,44,0.022,Low,No single dominant signal — risk driven by a broad combination of factors,Review full usage trend in the dashboard before deciding on outreach.,0.0,1.020408163265306,0.6666664444445185,,2026-06-25
ACC-00789,Starter,Professional Services,9,630.9,128,0.022,Low,No single dominant signal — risk driven by a broad combination of factors,Review full usage trend in the dashboard before deciding on outreach.,0.0,0.8265306122448979,0.0,10.0,2026-06-23
ACC-00546,Growth,Logistics,57,8125.38,58,0.021,Low,No single dominant signal — risk driven by a broad combination of factors,Review full usage trend in the dashboard before deciding on outreach.,0.0,0.8922124806601341,0.2499999375000156,8.0,2026-06-26
ACC-01188,Growth,Media,2,287.56,191,0.021,Low,No single dominant signal — risk driven by a broad combination of factors,Review full usage trend in the dashboard before deciding on outreach.,0.0,1.0084033613445378,0.0,10.0,2026-06-26
ACC-00402,Starter,Manufacturing,3,318.03,100,0.02,Low,No single dominant signal — risk driven by a broad combination of factors,Review full usage trend in the dashboard before deciding on outreach.,0.0,0.8716707021791767,0.999999000001,10.0,2026-06-27
ACC-00945,Starter,Healthcare,3,256.54,79,0.02,Low,Very narrow feature adoption (avg 1.9 features/day),Offer a tailored onboarding refresh or feature-adoption session.,0.0,1.2442396313364057,0.0,,2026-06-23
ACC-00132,Scale,EdTech,17,2354.64,72,0.019,Low,Low NPS/survey response (2/10),Personally follow up on their survey feedback; treat as a save-play priority.,0.0,0.8378088077336198,0.0,2.0,2026-06-23
ACC-00428,Scale,Logistics,3,359.44,44,0.019,Low,No single dominant signal — risk driven by a broad combination of factors,Review full usage trend in the dashboard before deciding on outreach.,0.0,0.8241758241758241,0.0,8.0,2026-06-26
ACC-01192,Starter,Healthcare,9,579.98,93,0.019,Low,Low NPS/survey response (5/10),Personally follow up on their survey feedback; treat as a save-play priority.,0.0,0.9138655462184876,0.0,5.0,2026-06-25
ACC-01179,Enterprise,Retail,8,2836.57,51,0.019,Low,Login frequency down 45% vs their own 30-day average | Low NPS/survey response (3/10),Check in with an async usage summary or a light-touch 'how's it going' email.,0.0,0.546218487394958,0.2499999375000156,3.0,2026-06-24
ACC-00461,Starter,FinTech,5,355.83,72,0.018,Low,Low NPS/survey response (5/10),Personally follow up on their survey feedback; treat as a save-play priority.,0.0,1.164021164021164,0.0,5.0,2026-06-28
ACC-01082,Enterprise,EdTech,5,816.5,86,0.018,Low,Low NPS/survey response (6/10),Personally follow up on their survey feedback; treat as a save-play priority.,0.0,0.6233766233766234,0.0,6.0,2026-06-24
ACC-00263,Scale,Retail,4,519.01,72,0.018,Low,No single dominant signal — risk driven by a broad combination of factors,Review full usage trend in the dashboard before deciding on outreach.,1.0,1.1428571428571428,0.0,9.0,2026-06-27
ACC-00000,Scale,Media,14,3309.69,142,0.018,Low,Low NPS/survey response (2/10),Personally follow up on their survey feedback; treat as a save-play priority.,0.0,0.7142857142857143,0.0,2.0,2026-06-23
ACC-01011,Growth,Manufacturing,2,175.87,100,0.018,Low,No single dominant signal — risk driven by a broad combination of factors,Review full usage trend in the dashboard before deciding on outreach.,0.0,0.8362369337979093,0.0,10.0,2026-06-25
ACC-00225,Enterprise,Professional Services,43,11556.52,93,0.018,Low,Low NPS/survey response (1/10),Personally follow up on their survey feedback; treat as a save-play priority.,0.0,0.896551724137931,0.0,1.0,2026-06-26
ACC-00039,Starter,Logistics,2,238.42,79,0.018,Low,No single dominant signal — risk driven by a broad combination of factors,Review full usage trend in the dashboard before deciding on outreach.,1.0,0.9183673469387756,0.0,8.0,2026-06-26
ACC-00351,Starter,Retail,4,397.24,72,0.018,Low,Low NPS/survey response (0/10),Personally follow up on their survey feedback; treat as a save-play priority.,0.0,1.457142857142857,0.0,0.0,2026-06-24
ACC-01034,Enterprise,Manufacturing,25,10357.61,100,0.017,Low,No single dominant signal — risk driven by a broad combination of factors,Review full usage trend in the dashboard before deciding on outreach.,0.0,1.189834424335772,0.6666664444445185,10.0,2026-06-28
ACC-01057,Growth,Logistics,3,495.82,107,0.017,Low,No single dominant signal — risk driven by a broad combination of factors,Review full usage trend in the dashboard before deciding on outreach.,0.0,0.9890109890109888,0.6666664444445185,7.0,2026-06-24
ACC-00949,Growth,Professional Services,3,377.44,212,0.017,Low,Low NPS/survey response (3/10),Personally follow up on their survey feedback; treat as a save-play priority.,1.0,1.1142857142857143,0.399999920000016,3.0,2026-06-24
ACC-00835,Enterprise,Retail,26,11410.35,44,0.017,Low,No single dominant signal — risk driven by a broad combination of factors,Review full usage trend in the dashboard before deciding on outreach.,0.0,0.7436399217221136,0.6666664444445185,7.0,2026-06-24
ACC-00954,Growth,FinTech,1,165.54,86,0.017,Low,Low NPS/survey response (5/10),Personally follow up on their survey feedback; treat as a save-play priority.,2.0,1.4285714285714286,0.0,5.0,2026-06-23
ACC-00512,Growth,Manufacturing,1,59.51,93,0.016,Low,Low NPS/survey response (2/10),Personally follow up on their survey feedback; treat as a save-play priority.,5.0,1.4285714285714286,0.4999999166666805,2.0,2026-06-24
ACC-00258,Scale,Healthcare,3,310.53,37,0.016,Low,Login frequency down 84% vs their own 30-day average | Active days per week down 73% vs baseline | Low NPS/survey response (5/10),Check in with an async usage summary or a light-touch 'how's it going' email.,6.0,0.1587301587301587,0.999999000001,5.0,2026-06-22
ACC-00212,Starter,Healthcare,2,188.2,51,0.016,Low,Login frequency down 43% vs their own 30-day average | Low NPS/survey response (2/10),Check in with an async usage summary or a light-touch 'how's it going' email.,0.0,0.5714285714285714,0.499999750000125,2.0,2026-06-24
ACC-01075,Growth,Retail,8,676.91,51,0.016,Low,No single dominant signal — risk driven by a broad combination of factors,Review full usage trend in the dashboard before deciding on outreach.,0.0,0.8385093167701864,0.3333332222222592,9.0,2026-06-24
ACC-00134,Growth,EdTech,6,1128.11,93,0.016,Low,No single dominant signal — risk driven by a broad combination of factors,Review full usage trend in the dashboard before deciding on outreach.,0.0,0.8571428571428572,0.0,9.0,2026-06-22
ACC-01187,Starter,EdTech,4,135.2,86,0.016,Low,Low NPS/survey response (4/10),Personally follow up on their survey feedback; treat as a save-play priority.,0.0,0.9022556390977444,0.499999750000125,4.0,2026-06-26
ACC-00248,Starter,Media,1,110.64,226,0.016,Low,No single dominant signal — risk driven by a broad combination of factors,Review full usage trend in the dashboard before deciding on outreach.,1.0,1.0084033613445378,0.0,8.0,2026-06-23
ACC-00110,Growth,Manufacturing,4,389.16,135,0.016,Low,Low NPS/survey response (2/10),Personally follow up on their survey feedback; treat as a save-play priority.,1.0,1.5743440233236152,0.6666664444445185,2.0,2026-06-27
ACC-00510,Growth,Media,13,2156.66,86,0.015,Low,No single dominant signal — risk driven by a broad combination of factors,Review full usage trend in the dashboard before deciding on outreach.,0.0,0.7142857142857143,0.0,10.0,2026-06-22
ACC-00928,Starter,Media,2,229.9,72,0.015,Low,No single dominant signal — risk driven by a broad combination of factors,Review full usage trend in the dashboard before deciding on outreach.,0.0,1.2442396313364057,0.499999750000125,,2026-06-23
ACC-01093,Enterprise,EdTech,18,3407.41,72,0.015,Low,No single dominant signal — risk driven by a broad combination of factors,Review full usage trend in the dashboard before deciding on outreach.,0.0,0.7847082494969819,0.0,9.0,2026-06-26
ACC-00894,Scale,EdTech,5,575.99,86,0.015,Low,Low NPS/survey response (2/10),Personally follow up on their survey feedback; treat as a save-play priority.,0.0,0.9523809523809524,0.0,2.0,2026-06-26
ACC-01119,Enterprise,Retail,14,4135.37,65,0.015,Low,Low NPS/survey response (5/10),Personally follow up on their survey feedback; treat as a save-play priority.,0.0,0.9183673469387756,0.0,5.0,2026-06-23
ACC-00324,Starter,Media,4,329.78,58,0.015,Low,No single dominant signal — risk driven by a broad combination of factors,Review full usage trend in the dashboard before deciding on outreach.,0.0,0.6794425087108014,0.6666664444445185,,2026-06-25
ACC-00837,Growth,Healthcare,5,821.55,65,0.014,Low,No single dominant signal — risk driven by a broad combination of factors,Review full usage trend in the dashboard before deciding on outreach.,0.0,1.0714285714285714,0.999999000001,,2026-06-25
ACC-01035,Scale,Retail,8,1623.27,128,0.014,Low,Low NPS/survey response (6/10),Personally follow up on their survey feedback; treat as a save-play priority.,0.0,1.0832025117739403,0.99999950000025,6.0,2026-06-22
ACC-01175,Scale,Media,47,7498.96,100,0.014,Low,No single dominant signal — risk driven by a broad combination of factors,Review full usage trend in the dashboard before deciding on outreach.,0.0,0.9477215543751746,0.0,8.0,2026-06-24
ACC-00947,Scale,FinTech,7,1052.71,86,0.014,Low,Low NPS/survey response (2/10),Personally follow up on their survey feedback; treat as a save-play priority.,0.0,1.003861003861004,0.0,2.0,2026-06-27
ACC-00498,Growth,Manufacturing,10,1272.56,86,0.014,Low,Low NPS/survey response (2/10),Personally follow up on their survey feedback; treat as a save-play priority.,0.0,1.1785714285714284,0.999999000001,2.0,2026-06-26
ACC-00410,Starter,Media,2,104.12,51,0.014,Low,Login frequency down 75% vs their own 30-day average | Active days per week down 64% vs baseline,Check in with an async usage summary or a light-touch 'how's it going' email.,1.0,0.2521008403361344,0.99999950000025,,2026-06-24
ACC-01185,Starter,Logistics,3,329.87,128,0.014,Low,No single dominant signal — risk driven by a broad combination of factors,Review full usage trend in the dashboard before deciding on outreach.,0.0,0.8955223880597015,0.0,10.0,2026-06-22
ACC-00548,Growth,EdTech,2,310.75,93,0.014,Low,No single dominant signal — risk driven by a broad combination of factors,Review full usage trend in the dashboard before deciding on outreach.,1.0,1.1688311688311688,0.499999750000125,,2026-06-26
ACC-00012,Growth,Healthcare,2,136.07,107,0.013,Low,Low NPS/survey response (4/10),Personally follow up on their survey feedback; treat as a save-play priority.,0.0,0.7973421926910298,0.2499999375000156,4.0,2026-06-23
ACC-01062,Growth,FinTech,6,1071.4,86,0.013,Low,No single dominant signal — risk driven by a broad combination of factors,Review full usage trend in the dashboard before deciding on outreach.,0.0,1.4505494505494507,0.0,,2026-06-23
ACC-00694,Scale,Media,6,1191.78,79,0.013,Low,No single dominant signal — risk driven by a broad combination of factors,Review full usage trend in the dashboard before deciding on outreach.,0.0,0.9243697478991596,0.0,,2026-06-28
ACC-00563,Starter,EdTech,5,445.26,93,0.013,Low,No single dominant signal — risk driven by a broad combination of factors,Review full usage trend in the dashboard before deciding on outreach.,0.0,1.0495626822157431,0.0,10.0,2026-06-24
ACC-00220,Growth,FinTech,6,414.69,93,0.013,Low,Low NPS/survey response (0/10),Personally follow up on their survey feedback; treat as a save-play priority.,0.0,1.0975609756097562,0.0,0.0,2026-06-23
ACC-00841,Growth,Logistics,15,1690.13,79,0.013,Low,No single dominant signal — risk driven by a broad combination of factors,Review full usage trend in the dashboard before deciding on outreach.,0.0,1.0651629072681703,0.499999750000125,7.0,2026-06-27
ACC-00165,Growth,Logistics,3,556.56,86,0.013,Low,No single dominant signal — risk driven by a broad combination of factors,Review full usage trend in the dashboard before deciding on outreach.,0.0,1.9642857142857144,0.999999000001,7.0,2026-06-24
ACC-00471,Starter,Logistics,2,120.83,100,0.013,Low,No single dominant signal — risk driven by a broad combination of factors,Review full usage trend in the dashboard before deciding on outreach.,0.0,1.1278195488721805,0.6666664444445185,8.0,2026-06-24
ACC-00686,Starter,Manufacturing,4,375.53,72,0.012,Low,No single dominant signal — risk driven by a broad combination of factors,Review full usage trend in the dashboard before deciding on outreach.,0.0,1.0526315789473684,0.0,8.0,2026-06-23
ACC-00593,Growth,Logistics,4,583.33,121,0.012,Low,Login frequency down 41% vs their own 30-day average | Active days per week down 59% vs baseline,Check in with an async usage summary or a light-touch 'how's it going' email.,0.0,0.5911330049261083,0.0,7.0,2026-06-23
ACC-00978,Enterprise,FinTech,12,1620.16,121,0.012,Low,Low NPS/survey response (1/10),Personally follow up on their survey feedback; treat as a save-play priority.,0.0,0.8836524300441826,0.0,1.0,2026-06-26
ACC-00630,Starter,EdTech,10,676.46,86,0.012,Low,No single dominant signal — risk driven by a broad combination of factors,Review full usage trend in the dashboard before deciding on outreach.,0.0,0.9816440542697524,0.999999000001,10.0,2026-06-28
ACC-00562,Starter,Logistics,3,246.72,86,0.012,Low,No single dominant signal — risk driven by a broad combination of factors,Review full usage trend in the dashboard before deciding on outreach.,0.0,1.0285714285714285,0.0,10.0,2026-06-23
ACC-00281,Starter,EdTech,4,404.4,79,0.012,Low,No single dominant signal — risk driven by a broad combination of factors,Review full usage trend in the dashboard before deciding on outreach.,0.0,0.7305194805194806,0.0,,2026-06-25
ACC-00595,Scale,Media,5,1376.58,72,0.012,Low,Low NPS/survey response (3/10),Personally follow up on their survey feedback; treat as a save-play priority.,0.0,1.213653603034134,0.0,3.0,2026-06-24
ACC-00245,Enterprise,FinTech,13,4809.03,72,0.012,Low,No single dominant signal — risk driven by a broad combination of factors,Review full usage trend in the dashboard before deciding on outreach.,0.0,1.0285714285714287,0.0,9.0,2026-06-23
ACC-00273,Scale,FinTech,9,2131.02,233,0.011,Low,No single dominant signal — risk driven by a broad combination of factors,Review full usage trend in the dashboard before deciding on outreach.,0.0,0.875251509054326,0.499999750000125,8.0,2026-06-23
ACC-00581,Growth,EdTech,9,677.69,100,0.011,Low,No single dominant signal — risk driven by a broad combination of factors,Review full usage trend in the dashboard before deciding on outreach.,0.0,1.0174717368961972,0.0,9.0,2026-06-22
ACC-00431,Growth,FinTech,6,394.35,44,0.011,Low,No single dominant signal — risk driven by a broad combination of factors,Review full usage trend in the dashboard before deciding on outreach.,0.0,0.6122448979591836,0.499999750000125,8.0,2026-06-24
ACC-00270,Scale,EdTech,7,599.55,58,0.011,Low,No single dominant signal — risk driven by a broad combination of factors,Review full usage trend in the dashboard before deciding on outreach.,0.0,0.72,0.3333332222222592,,2026-06-25
ACC-01067,Enterprise,Retail,29,9296.25,107,0.011,Low,Low NPS/survey response (5/10),Personally follow up on their survey feedback; treat as a save-play priority.,0.0,0.8329979879275654,0.0,5.0,2026-06-26
ACC-00472,Enterprise,Healthcare,2,863.95,149,0.011,Low,Login frequency down 79% vs their own 30-day average | Active days per week down 69% vs baseline,Check in with an async usage summary or a light-touch 'how's it going' email.,2.0,0.2142857142857142,0.399999920000016,10.0,2026-06-25
ACC-00766,Growth,Media,4,271.48,107,0.011,Low,Low NPS/survey response (5/10),Personally follow up on their survey feedback; treat as a save-play priority.,1.0,1.031746031746032,0.0,5.0,2026-06-26
ACC-01127,Scale,Media,4,739.05,212,0.01,Low,No single dominant signal — risk driven by a broad combination of factors,Review full usage trend in the dashboard before deciding on outreach.,0.0,0.989010989010989,0.0,7.0,2026-06-25
ACC-00961,Growth,Logistics,8,446.03,107,0.01,Low,Low NPS/survey response (3/10),Personally follow up on their survey feedback; treat as a save-play priority.,0.0,1.0714285714285714,0.3333332222222592,3.0,2026-06-24
ACC-00621,Starter,FinTech,12,1072.99,86,0.01,Low,No single dominant signal — risk driven by a broad combination of factors,Review full usage trend in the dashboard before deciding on outreach.,0.0,0.949529512403764,0.0,,2026-06-24
ACC-00652,Growth,Media,7,384.08,72,0.01,Low,No single dominant signal — risk driven by a broad combination of factors,Review full usage trend in the dashboard before deciding on outreach.,0.0,1.1096938775510206,0.0,10.0,2026-06-25
ACC-00597,Scale,Logistics,2,348.89,65,0.01,Low,Low NPS/survey response (1/10),Personally follow up on their survey feedback; treat as a save-play priority.,0.0,1.1607142857142856,0.3333332222222592,1.0,2026-06-27
ACC-00337,Growth,EdTech,28,3192.23,212,0.01,Low,No single dominant signal — risk driven by a broad combination of factors,Review full usage trend in the dashboard before deciding on outreach.,0.0,0.8702791461412152,0.599999880000024,10.0,2026-06-27
ACC-00507,Growth,FinTech,6,863.22,177,0.01,Low,Low NPS/survey response (1/10),Personally follow up on their survey feedback; treat as a save-play priority.,0.0,0.8673469387755102,0.2499999375000156,1.0,2026-06-28
ACC-00452,Starter,Media,1,36.33,79,0.01,Low,Low NPS/survey response (3/10),Personally follow up on their survey feedback; treat as a save-play priority.,0.0,1.4285714285714286,0.0,3.0,2026-06-22
ACC-00332,Starter,Professional Services,2,137.65,65,0.01,Low,Low NPS/survey response (2/10),Personally follow up on their survey feedback; treat as a save-play priority.,1.0,1.1904761904761905,0.0,2.0,2026-06-27
ACC-00692,Scale,Manufacturing,15,2683.98,65,0.01,Low,No single dominant signal — risk driven by a broad combination of factors,Review full usage trend in the dashboard before deciding on outreach.,0.0,0.8806262230919766,0.0,9.0,2026-06-24
ACC-00722,Starter,Retail,7,215.16,86,0.01,Low,No single dominant signal — risk driven by a broad combination of factors,Review full usage trend in the dashboard before deciding on outreach.,0.0,1.1344537815126052,0.0,8.0,2026-06-27
ACC-01154,Starter,Manufacturing,3,124.65,177,0.009,Low,Low NPS/survey response (4/10),Personally follow up on their survey feedback; treat as a save-play priority.,1.0,0.8571428571428572,0.499999750000125,4.0,2026-06-26
ACC-00376,Scale,Professional Services,14,2495.42,72,0.009,Low,No single dominant signal — risk driven by a broad combination of factors,Review full usage trend in the dashboard before deciding on outreach.,0.0,0.820964749536178,0.0,,2026-06-26
ACC-00824,Scale,FinTech,5,587.15,65,0.009,Low,No single dominant signal — risk driven by a broad combination of factors,Review full usage trend in the dashboard before deciding on outreach.,0.0,0.8662613981762919,0.0,9.0,2026-06-26
ACC-00966,Scale,Healthcare,31,7345.4,51,0.009,Low,No single dominant signal — risk driven by a broad combination of factors,Review full usage trend in the dashboard before deciding on outreach.,0.0,0.860969387755102,0.0,7.0,2026-06-26
ACC-00656,Starter,FinTech,1,68.88,107,0.009,Low,No login in 10+ days | Login frequency down 100% vs their own 30-day average | Active days per week down 100% vs baseline,Reach out directly to the primary champion; confirm they still have a live use case.,10.0,0.0,0.0,6.0,2026-06-24
ACC-01164,Starter,Media,1,118.81,149,0.009,Low,Login frequency down 69% vs their own 30-day average | Active days per week down 64% vs baseline,Check in with an async usage summary or a light-touch 'how's it going' email.,0.0,0.3061224489795918,0.6666664444445185,,2026-06-23
ACC-00839,Scale,Professional Services,5,1090.02,86,0.009,Low,No single dominant signal — risk driven by a broad combination of factors,Review full usage trend in the dashboard before deciding on outreach.,0.0,0.9022556390977444,0.0,7.0,2026-06-24
ACC-00765,Scale,FinTech,4,576.14,100,0.009,Low,Low NPS/survey response (3/10),Personally follow up on their survey feedback; treat as a save-play priority.,1.0,1.0714285714285714,0.0,3.0,2026-06-27
ACC-01077,Starter,FinTech,6,423.87,86,0.009,Low,Low NPS/survey response (2/10),Personally follow up on their survey feedback; treat as a save-play priority.,0.0,1.1344537815126052,0.0,2.0,2026-06-26
ACC-00400,Growth,FinTech,11,1354.73,128,0.009,Low,No single dominant signal — risk driven by a broad combination of factors,Review full usage trend in the dashboard before deciding on outreach.,0.0,1.0714285714285714,0.0,10.0,2026-06-25
ACC-01158,Starter,Retail,1,33.96,135,0.009,Low,Low NPS/survey response (4/10),Personally follow up on their survey feedback; treat as a save-play priority.,3.0,0.7142857142857142,0.4999998750000312,4.0,2026-06-28
ACC-00127,Growth,EdTech,4,313.31,65,0.009,Low,Low NPS/survey response (1/10),Personally follow up on their survey feedback; treat as a save-play priority.,0.0,1.3636363636363638,0.0,1.0,2026-06-22
ACC-00896,Starter,Logistics,4,227.07,184,0.009,Low,Login frequency down 53% vs their own 30-day average | Low NPS/survey response (4/10),Check in with an async usage summary or a light-touch 'how's it going' email.,0.0,0.470383275261324,0.6666664444445185,4.0,2026-06-25
ACC-00301,Starter,EdTech,3,323.4,149,0.009,Low,No single dominant signal — risk driven by a broad combination of factors,Review full usage trend in the dashboard before deciding on outreach.,1.0,1.105990783410138,0.0,10.0,2026-06-27
ACC-00946,Growth,Media,3,531.72,135,0.009,Low,No single dominant signal — risk driven by a broad combination of factors,Review full usage trend in the dashboard before deciding on outreach.,0.0,1.25,0.2499999375000156,9.0,2026-06-26
ACC-01055,Starter,FinTech,2,211.33,72,0.009,Low,No single dominant signal — risk driven by a broad combination of factors,Review full usage trend in the dashboard before deciding on outreach.,1.0,1.1428571428571428,0.0,,2026-06-27
ACC-01162,Growth,Professional Services,24,2813.37,65,0.009,Low,Low NPS/survey response (6/10),Personally follow up on their survey feedback; treat as a save-play priority.,0.0,0.9266409266409266,0.999999000001,6.0,2026-06-25
ACC-00890,Scale,EdTech,13,1675.47,93,0.009,Low,No single dominant signal — risk driven by a broad combination of factors,Review full usage trend in the dashboard before deciding on outreach.,0.0,0.9056603773584904,0.499999750000125,10.0,2026-06-24
ACC-00754,Starter,Retail,2,178.47,44,0.009,Low,Login frequency down 87% vs their own 30-day average | Active days per week down 76% vs baseline | Low NPS/survey response (6/10),Check in with an async usage summary or a light-touch 'how's it going' email.,3.0,0.1260504201680672,0.0,6.0,2026-06-27
ACC-00714,Scale,Professional Services,4,1050.2,58,0.009,Low,Login frequency down 51% vs their own 30-day average,Check in with an async usage summary or a light-touch 'how's it going' email.,0.0,0.4945054945054944,0.999999000001,7.0,2026-06-24
ACC-01048,Scale,Retail,16,1569.48,79,0.009,Low,Low NPS/survey response (3/10),Personally follow up on their survey feedback; treat as a save-play priority.,0.0,1.0756302521008403,0.499999750000125,3.0,2026-06-25
ACC-00999,Growth,Professional Services,5,297.66,72,0.009,Low,Low NPS/survey response (1/10),Personally follow up on their survey feedback; treat as a save-play priority.,0.0,1.1241217798594847,0.0,1.0,2026-06-25
ACC-00558,Growth,Logistics,2,101.64,135,0.008,Low,Login frequency down 40% vs their own 30-day average | Low NPS/survey response (5/10),Check in with an async usage summary or a light-touch 'how's it going' email.,0.0,0.5980066445182723,0.0,5.0,2026-06-25
ACC-00051,Growth,Manufacturing,3,517.31,93,0.008,Low,No single dominant signal — risk driven by a broad combination of factors,Review full usage trend in the dashboard before deciding on outreach.,0.0,1.2030075187969924,0.3333332222222592,,2026-06-24
ACC-00126,Starter,Manufacturing,1,81.35,37,0.008,Low,No single dominant signal — risk driven by a broad combination of factors,Review full usage trend in the dashboard before deciding on outreach.,0.0,0.6122448979591836,0.999999000001,,2026-06-26
ACC-01042,Scale,Healthcare,13,1812.01,107,0.008,Low,No single dominant signal — risk driven by a broad combination of factors,Review full usage trend in the dashboard before deciding on outreach.,0.0,0.8992974238875878,0.499999750000125,8.0,2026-06-24
ACC-00394,Enterprise,Manufacturing,4,891.29,65,0.008,Low,No single dominant signal — risk driven by a broad combination of factors,Review full usage trend in the dashboard before deciding on outreach.,0.0,0.9937888198757764,0.0,,2026-06-22
ACC-00438,Starter,Healthcare,1,68.36,44,0.008,Low,Login frequency down 100% vs their own 30-day average | Active days per week down 100% vs baseline,Check in with an async usage summary or a light-touch 'how's it going' email.,7.0,0.0,0.0,9.0,2026-06-23
ACC-00642,Starter,EdTech,9,1045.62,65,0.008,Low,No single dominant signal — risk driven by a broad combination of factors,Review full usage trend in the dashboard before deciding on outreach.,0.0,1.0261569416498992,0.0,7.0,2026-06-25
ACC-01161,Enterprise,EdTech,20,4243.75,58,0.008,Low,Low NPS/survey response (6/10),Personally follow up on their survey feedback; treat as a save-play priority.,0.0,0.985977212971078,0.0,6.0,2026-06-26
ACC-00776,Starter,FinTech,2,216.75,205,0.008,Low,No single dominant signal — risk driven by a broad combination of factors,Review full usage trend in the dashboard before deciding on outreach.,0.0,1.6071428571428572,0.1666666388888935,10.0,2026-06-26
ACC-01166,Growth,Retail,11,2058.81,79,0.008,Low,Low NPS/survey response (4/10),Personally follow up on their survey feedback; treat as a save-play priority.,0.0,1.0714285714285714,0.0,4.0,2026-06-23
ACC-00701,Starter,Retail,1,74.1,79,0.008,Low,No single dominant signal — risk driven by a broad combination of factors,Review full usage trend in the dashboard before deciding on outreach.,1.0,1.7142857142857142,0.0,9.0,2026-06-27
ACC-00447,Starter,Manufacturing,2,185.93,100,0.008,Low,No single dominant signal — risk driven by a broad combination of factors,Review full usage trend in the dashboard before deciding on outreach.,0.0,1.3333333333333333,0.0,7.0,2026-06-26
ACC-00146,Growth,Media,2,335.68,163,0.008,Low,No single dominant signal — risk driven by a broad combination of factors,Review full usage trend in the dashboard before deciding on outreach.,2.0,1.0084033613445378,0.3333332222222592,7.0,2026-06-28
ACC-00358,Scale,Professional Services,12,3414.74,93,0.008,Low,No single dominant signal — risk driven by a broad combination of factors,Review full usage trend in the dashboard before deciding on outreach.,0.0,1.2310030395136775,0.3333332222222592,7.0,2026-06-22
ACC-00817,Enterprise,Healthcare,3,495.36,86,0.008,Low,No single dominant signal — risk driven by a broad combination of factors,Review full usage trend in the dashboard before deciding on outreach.,0.0,1.25,0.0,10.0,2026-06-24
ACC-00330,Scale,Healthcare,13,3377.39,86,0.008,Low,No single dominant signal — risk driven by a broad combination of factors,Review full usage trend in the dashboard before deciding on outreach.,0.0,1.7142857142857142,0.0,,2026-06-25
ACC-00867,Scale,Professional Services,9,1618.57,65,0.008,Low,No single dominant signal — risk driven by a broad combination of factors,Review full usage trend in the dashboard before deciding on outreach.,0.0,1.0084033613445378,0.0,,2026-06-23
ACC-01019,Starter,Media,3,233.22,170,0.008,Low,No single dominant signal — risk driven by a broad combination of factors,Review full usage trend in the dashboard before deciding on outreach.,0.0,0.8333333333333334,0.0,10.0,2026-06-26
ACC-00373,Growth,Professional Services,6,495.43,226,0.008,Low,No single dominant signal — risk driven by a broad combination of factors,Review full usage trend in the dashboard before deciding on outreach.,0.0,1.058201058201058,0.0,10.0,2026-06-23
ACC-00151,Growth,Retail,8,966.92,65,0.008,Low,Low NPS/survey response (6/10),Personally follow up on their survey feedback; treat as a save-play priority.,0.0,1.0655090765588004,0.0,6.0,2026-06-24
ACC-00869,Growth,Professional Services,28,2894.34,58,0.008,Low,No single dominant signal — risk driven by a broad combination of factors,Review full usage trend in the dashboard before deciding on outreach.,0.0,0.9290709290709293,0.2499999375000156,10.0,2026-06-23
ACC-00858,Growth,Manufacturing,7,887.76,79,0.008,Low,Low NPS/survey response (3/10),Personally follow up on their survey feedback; treat as a save-play priority.,0.0,0.9316770186335404,0.0,3.0,2026-06-24
ACC-00365,Growth,Professional Services,5,609.58,51,0.008,Low,No single dominant signal — risk driven by a broad combination of factors,Review full usage trend in the dashboard before deciding on outreach.,0.0,1.0227272727272727,0.4999998750000312,,2026-06-25
ACC-00467,Enterprise,Logistics,26,12346.42,156,0.007,Low,No single dominant signal — risk driven by a broad combination of factors,Review full usage trend in the dashboard before deciding on outreach.,0.0,0.9929423217327816,0.6666664444445185,,2026-06-25
ACC-00697,Scale,Media,7,1927.61,170,0.007,Low,No single dominant signal — risk driven by a broad combination of factors,Review full usage trend in the dashboard before deciding on outreach.,0.0,0.7826086956521738,0.0,8.0,2026-06-23
ACC-00323,Starter,Healthcare,1,108.88,205,0.007,Low,No login in 10+ days | Login frequency down 100% vs their own 30-day average | Active days per week down 100% vs baseline,Reach out directly to the primary champion; confirm they still have a live use case.,10.0,0.0,0.0,1.0,2026-06-28
ACC-00678,Starter,Logistics,2,198.91,233,0.007,Low,No single dominant signal — risk driven by a broad combination of factors,Review full usage trend in the dashboard before deciding on outreach.,3.0,1.6770186335403727,0.3333332222222592,8.0,2026-06-22
ACC-00788,Starter,Manufacturing,5,542.67,107,0.007,Low,No single dominant signal — risk driven by a broad combination of factors,Review full usage trend in the dashboard before deciding on outreach.,0.0,0.6722689075630252,0.0,9.0,2026-06-22
ACC-00916,Starter,Retail,1,68.65,163,0.007,Low,Login frequency down 71% vs their own 30-day average | Active days per week down 61% vs baseline | Low NPS/survey response (2/10),Check in with an async usage summary or a light-touch 'how's it going' email.,3.0,0.2857142857142857,0.0,2.0,2026-06-25
ACC-00599,Enterprise,Retail,24,10461.68,156,0.007,Low,Low NPS/survey response (4/10),Personally follow up on their survey feedback; treat as a save-play priority.,0.0,0.9418202764976956,0.0,4.0,2026-06-24
ACC-00304,Scale,EdTech,4,572.31,226,0.007,Low,No single dominant signal — risk driven by a broad combination of factors,Review full usage trend in the dashboard before deciding on outreach.,0.0,0.6912442396313364,0.499999750000125,10.0,2026-06-26
ACC-00866,Starter,Professional Services,1,77.02,37,0.007,Low,Login frequency down 69% vs their own 30-day average | Active days per week down 57% vs baseline,Check in with an async usage summary or a light-touch 'how's it going' email.,6.0,0.3061224489795918,0.0,,2026-06-23
ACC-00069,Starter,FinTech,6,697.4,58,0.007,Low,Low NPS/survey response (6/10),Personally follow up on their survey feedback; treat as a save-play priority.,0.0,1.031746031746032,0.0,6.0,2026-06-26
ACC-01096,Scale,Retail,19,1945.96,135,0.007,Low,Low NPS/survey response (4/10),Personally follow up on their survey feedback; treat as a save-play priority.,0.0,0.9010396611474778,0.499999750000125,4.0,2026-06-23
ACC-00975,Scale,FinTech,6,1109.57,86,0.007,Low,Low NPS/survey response (2/10),Personally follow up on their survey feedback; treat as a save-play priority.,0.0,1.7857142857142858,0.0,2.0,2026-06-25
ACC-00009,Growth,Retail,6,744.25,233,0.007,Low,Low NPS/survey response (5/10),Personally follow up on their survey feedback; treat as a save-play priority.,0.0,0.9375,0.199999960000008,5.0,2026-06-23
ACC-00133,Scale,Logistics,17,4663.69,79,0.007,Low,No single dominant signal — risk driven by a broad combination of factors,Review full usage trend in the dashboard before deciding on outreach.,0.0,1.0748736793752869,0.0,10.0,2026-06-26
ACC-00994,Scale,Retail,4,465.51,219,0.007,Low,Low NPS/survey response (4/10),Personally follow up on their survey feedback; treat as a save-play priority.,3.0,0.6036217303822937,0.0,4.0,2026-06-28
ACC-00255,Starter,Healthcare,3,296.78,107,0.007,Low,No single dominant signal — risk driven by a broad combination of factors,Review full usage trend in the dashboard before deciding on outreach.,0.0,1.0084033613445378,0.0,,2026-06-23
ACC-01031,Enterprise,Retail,12,2994.02,51,0.007,Low,No single dominant signal — risk driven by a broad combination of factors,Review full usage trend in the dashboard before deciding on outreach.,0.0,0.7346938775510204,0.0,9.0,2026-06-27
ACC-00705,Enterprise,EdTech,18,6009.64,86,0.007,Low,Low NPS/survey response (5/10),Personally follow up on their survey feedback; treat as a save-play priority.,0.0,1.2473347547974414,0.0,5.0,2026-06-27
ACC-00860,Growth,Media,2,199.24,205,0.006,Low,No single dominant signal — risk driven by a broad combination of factors,Review full usage trend in the dashboard before deciding on outreach.,0.0,0.9795918367346936,0.9999996666667778,10.0,2026-06-26
ACC-00666,Starter,Manufacturing,6,355.7,93,0.006,Low,Low NPS/survey response (3/10),Personally follow up on their survey feedback; treat as a save-play priority.,0.0,1.3217623497997328,0.0,3.0,2026-06-27
ACC-01146,Scale,Healthcare,10,925.21,30,0.006,Low,No single dominant signal — risk driven by a broad combination of factors,Review full usage trend in the dashboard before deciding on outreach.,0.0,0.6318681318681318,0.999999000001,9.0,2026-06-27
ACC-00882,Growth,Professional Services,21,1393.45,156,0.006,Low,No single dominant signal — risk driven by a broad combination of factors,Review full usage trend in the dashboard before deciding on outreach.,0.0,1.0605326876513317,0.3333332222222592,10.0,2026-06-25
ACC-00444,Enterprise,Logistics,9,4020.86,107,0.006,Low,Low NPS/survey response (2/10),Personally follow up on their survey feedback; treat as a save-play priority.,0.0,0.9006211180124225,0.999999000001,2.0,2026-06-26
ACC-00098,Starter,Media,2,231.1,107,0.006,Low,Low NPS/survey response (3/10),Personally follow up on their survey feedback; treat as a save-play priority.,0.0,0.8746355685131195,0.0,3.0,2026-06-23
ACC-00499,Scale,Manufacturing,13,2281.4,37,0.006,Low,No single dominant signal — risk driven by a broad combination of factors,Review full usage trend in the dashboard before deciding on outreach.,0.0,0.605833956619297,0.0,7.0,2026-06-23
ACC-00020,Starter,Retail,3,161.68,212,0.006,Low,No single dominant signal — risk driven by a broad combination of factors,Review full usage trend in the dashboard before deciding on outreach.,0.0,0.6302521008403361,0.499999750000125,10.0,2026-06-22
ACC-00254,Growth,Manufacturing,6,890.64,149,0.006,Low,Low NPS/survey response (2/10),Personally follow up on their survey feedback; treat as a save-play priority.,0.0,0.8219178082191781,0.0,2.0,2026-06-25
ACC-00426,Growth,Manufacturing,6,427.06,58,0.006,Low,No single dominant signal — risk driven by a broad combination of factors,Review full usage trend in the dashboard before deciding on outreach.,0.0,1.0368663594470044,0.3333332222222592,,2026-06-28
ACC-00319,Scale,Retail,7,1113.49,51,0.006,Low,No single dominant signal — risk driven by a broad combination of factors,Review full usage trend in the dashboard before deciding on outreach.,0.0,1.1479591836734693,0.2499999375000156,10.0,2026-06-26
ACC-00453,Growth,Healthcare,7,438.28,51,0.006,Low,No single dominant signal — risk driven by a broad combination of factors,Review full usage trend in the dashboard before deciding on outreach.,0.0,0.7377049180327869,0.0,7.0,2026-06-23
ACC-00131,Growth,Professional Services,17,2655.44,79,0.006,Low,No single dominant signal — risk driven by a broad combination of factors,Review full usage trend in the dashboard before deciding on outreach.,0.0,0.9282422646477946,0.0,10.0,2026-06-24
ACC-00755,Starter,Retail,3,296.73,121,0.006,Low,No single dominant signal — risk driven by a broad combination of factors,Review full usage trend in the dashboard before deciding on outreach.,1.0,0.8418367346938775,0.0,9.0,2026-06-24
ACC-00115,Growth,Logistics,4,584.55,226,0.006,Low,No single dominant signal — risk driven by a broad combination of factors,Review full usage trend in the dashboard before deciding on outreach.,0.0,1.0285714285714285,0.0,9.0,2026-06-27
ACC-00629,Growth,Logistics,2,203.86,44,0.006,Low,No single dominant signal — risk driven by a broad combination of factors,Review full usage trend in the dashboard before deciding on outreach.,3.0,0.7142857142857142,0.499999750000125,,2026-06-26
ACC-01006,Starter,Logistics,3,140.07,58,0.006,Low,Low NPS/survey response (3/10),Personally follow up on their survey feedback; treat as a save-play priority.,1.0,1.25,0.0,3.0,2026-06-27
ACC-00497,Growth,Healthcare,2,279.62,65,0.006,Low,No single dominant signal — risk driven by a broad combination of factors,Review full usage trend in the dashboard before deciding on outreach.,0.0,1.458966565349544,0.0,,2026-06-27
ACC-00951,Starter,Manufacturing,1,62.27,86,0.006,Low,No single dominant signal — risk driven by a broad combination of factors,Review full usage trend in the dashboard before deciding on outreach.,0.0,1.7857142857142856,0.3333332222222592,9.0,2026-06-27
ACC-00874,Growth,Professional Services,4,757.88,121,0.006,Low,No single dominant signal — risk driven by a broad combination of factors,Review full usage trend in the dashboard before deciding on outreach.,1.0,1.2857142857142856,0.4999998750000312,,2026-06-28
ACC-01118,Growth,Professional Services,11,1961.83,79,0.006,Low,No single dominant signal — risk driven by a broad combination of factors,Review full usage trend in the dashboard before deciding on outreach.,0.0,1.051948051948052,0.3333332222222592,9.0,2026-06-22
ACC-00339,Scale,Retail,5,1172.22,170,0.006,Low,Low NPS/survey response (3/10),Personally follow up on their survey feedback; treat as a save-play priority.,0.0,0.9047619047619048,0.499999750000125,3.0,2026-06-22
ACC-00578,Scale,Professional Services,3,532.45,86,0.006,Low,Low NPS/survey response (5/10),Personally follow up on their survey feedback; treat as a save-play priority.,0.0,1.090909090909091,0.0,5.0,2026-06-28
ACC-00446,Enterprise,Professional Services,33,5903.98,184,0.006,Low,Low NPS/survey response (1/10),Personally follow up on their survey feedback; treat as a save-play priority.,0.0,1.1806631546327857,0.9999996666667778,1.0,2026-06-23
ACC-00539,Growth,Manufacturing,2,337.86,226,0.005,Low,No single dominant signal — risk driven by a broad combination of factors,Review full usage trend in the dashboard before deciding on outreach.,2.0,0.8823529411764706,0.499999750000125,9.0,2026-06-25
ACC-00074,Scale,Professional Services,18,3027.43,58,0.005,Low,No single dominant signal — risk driven by a broad combination of factors,Review full usage trend in the dashboard before deciding on outreach.,0.0,0.908315565031983,0.0,,2026-06-22
ACC-00310,Enterprise,Retail,23,3466.74,51,0.005,Low,Low NPS/survey response (4/10),Personally follow up on their survey feedback; treat as a save-play priority.,0.0,0.8499600957701515,0.499999750000125,4.0,2026-06-24
ACC-00556,Growth,EdTech,10,1724.04,170,0.005,Low,No single dominant signal — risk driven by a broad combination of factors,Review full usage trend in the dashboard before deciding on outreach.,0.0,0.7820646506777894,0.499999750000125,7.0,2026-06-27
ACC-01076,Growth,Manufacturing,1,116.55,58,0.005,Low,Login frequency down 84% vs their own 30-day average | Active days per week down 75% vs baseline | Low NPS/survey response (4/10),Check in with an async usage summary or a light-touch 'how's it going' email.,1.0,0.1648351648351648,0.499999750000125,4.0,2026-06-26
ACC-01029,Scale,Logistics,9,2000.71,86,0.005,Low,No single dominant signal — risk driven by a broad combination of factors,Review full usage trend in the dashboard before deciding on outreach.,0.0,1.243184296619411,0.0,8.0,2026-06-27
ACC-00723,Growth,Healthcare,3,465.68,93,0.005,Low,No single dominant signal — risk driven by a broad combination of factors,Review full usage trend in the dashboard before deciding on outreach.,0.0,0.9703504043126684,0.0,,2026-06-23
ACC-00129,Starter,Retail,7,349.51,149,0.005,Low,No single dominant signal — risk driven by a broad combination of factors,Review full usage trend in the dashboard before deciding on outreach.,0.0,1.7475728155339807,0.7499998125000469,10.0,2026-06-23
ACC-00185,Enterprise,Professional Services,10,3883.0,93,0.005,Low,No single dominant signal — risk driven by a broad combination of factors,Review full usage trend in the dashboard before deciding on outreach.,0.0,0.8746355685131195,0.0,8.0,2026-06-23
ACC-00771,Starter,Healthcare,10,862.01,177,0.005,Low,No single dominant signal — risk driven by a broad combination of factors,Review full usage trend in the dashboard before deciding on outreach.,0.0,0.8261617900172117,0.4999998750000312,8.0,2026-06-28
ACC-00155,Growth,Manufacturing,8,1270.24,121,0.005,Low,No single dominant signal — risk driven by a broad combination of factors,Review full usage trend in the dashboard before deciding on outreach.,0.0,1.1334120425029517,0.6666664444445185,10.0,2026-06-28
ACC-00072,Scale,Media,31,6101.85,100,0.005,Low,No single dominant signal — risk driven by a broad combination of factors,Review full usage trend in the dashboard before deciding on outreach.,0.0,0.8858011289622231,0.0,10.0,2026-06-23
ACC-00857,Growth,FinTech,2,366.94,212,0.005,Low,Low NPS/survey response (4/10),Personally follow up on their survey feedback; treat as a save-play priority.,1.0,1.0150375939849623,0.599999880000024,4.0,2026-06-27
ACC-00859,Scale,Retail,9,1414.89,44,0.005,Low,No single dominant signal — risk driven by a broad combination of factors,Review full usage trend in the dashboard before deciding on outreach.,0.0,0.8163265306122449,0.0,9.0,2026-06-24
ACC-00797,Starter,Healthcare,1,48.91,233,0.005,Low,No single dominant signal — risk driven by a broad combination of factors,Review full usage trend in the dashboard before deciding on outreach.,0.0,2.1428571428571432,0.2499999375000156,9.0,2026-06-25
ACC-00981,Scale,Logistics,4,742.45,107,0.005,Low,Low NPS/survey response (4/10),Personally follow up on their survey feedback; treat as a save-play priority.,0.0,0.9630818619582664,0.0,4.0,2026-06-24
ACC-00128,Starter,Retail,6,341.14,107,0.005,Low,Low NPS/survey response (3/10),Personally follow up on their survey feedback; treat as a save-play priority.,1.0,0.7142857142857143,0.0,3.0,2026-06-26
ACC-00825,Scale,FinTech,37,8581.42,86,0.005,Low,Very narrow feature adoption (avg 2.0 features/day) | Low NPS/survey response (6/10),Offer a tailored onboarding refresh or feature-adoption session.,0.0,1.1945812807881775,0.499999750000125,6.0,2026-06-24
ACC-00583,Starter,EdTech,2,235.66,177,0.005,Low,Low NPS/survey response (6/10),Personally follow up on their survey feedback; treat as a save-play priority.,1.0,1.3775510204081634,0.0,6.0,2026-06-26
ACC-00897,Starter,FinTech,3,358.87,191,0.005,Low,Low NPS/survey response (6/10),Personally follow up on their survey feedback; treat as a save-play priority.,0.0,0.6521739130434783,0.0,6.0,2026-06-24
ACC-00055,Scale,FinTech,4,1084.54,114,0.005,Low,No single dominant signal — risk driven by a broad combination of factors,Review full usage trend in the dashboard before deciding on outreach.,1.0,0.7389162561576355,0.0,7.0,2026-06-23
ACC-00023,Scale,Media,19,5058.27,114,0.005,Low,No single dominant signal — risk driven by a broad combination of factors,Review full usage trend in the dashboard before deciding on outreach.,0.0,0.903267136450993,0.499999750000125,9.0,2026-06-25
ACC-00658,Scale,Professional Services,14,1336.35,86,0.005,Low,Low NPS/survey response (0/10),Personally follow up on their survey feedback; treat as a save-play priority.,0.0,1.1464968152866242,0.499999750000125,0.0,2026-06-26
ACC-00883,Starter,Retail,4,332.91,184,0.005,Low,No single dominant signal — risk driven by a broad combination of factors,Review full usage trend in the dashboard before deciding on outreach.,0.0,1.0714285714285714,0.0,,2026-06-23
ACC-00690,Starter,Manufacturing,1,78.48,107,0.005,Low,No login in 14+ days | Login frequency down 100% vs their own 30-day average | Active days per week down 100% vs baseline,Reach out directly to the primary champion; confirm they still have a live use case.,14.0,0.0,0.0,9.0,2026-06-26
ACC-00679,Scale,EdTech,4,412.87,51,0.005,Low,No single dominant signal — risk driven by a broad combination of factors,Review full usage trend in the dashboard before deciding on outreach.,1.0,0.729483282674772,0.0,7.0,2026-06-22
ACC-00634,Starter,Logistics,1,116.9,58,0.005,Low,Login frequency down 67% vs their own 30-day average | Active days per week down 57% vs baseline | Low NPS/survey response (5/10),Check in with an async usage summary or a light-touch 'how's it going' email.,5.0,0.3296703296703296,0.0,5.0,2026-06-23
ACC-00057,Growth,Manufacturing,6,486.41,51,0.005,Low,Low NPS/survey response (4/10),Personally follow up on their survey feedback; treat as a save-play priority.,0.0,0.8866995073891625,0.0,4.0,2026-06-22
ACC-01109,Starter,EdTech,2,233.44,58,0.005,Low,No single dominant signal — risk driven by a broad combination of factors,Review full usage trend in the dashboard before deciding on outreach.,2.0,0.8571428571428571,0.499999750000125,,2026-06-24
ACC-00203,Growth,Manufacturing,8,540.63,30,0.005,Low,No single dominant signal — risk driven by a broad combination of factors,Review full usage trend in the dashboard before deciding on outreach.,1.0,0.6766917293233082,0.0,8.0,2026-06-27
ACC-00091,Growth,Media,2,240.83,135,0.005,Low,No single dominant signal — risk driven by a broad combination of factors,Review full usage trend in the dashboard before deciding on outreach.,0.0,0.8035714285714285,0.999999000001,,2026-06-24
ACC-00902,Growth,Logistics,16,2034.95,44,0.005,Low,No single dominant signal — risk driven by a broad combination of factors,Review full usage trend in the dashboard before deciding on outreach.,0.0,0.9393346379647748,0.3333332222222592,8.0,2026-06-23
ACC-00794,Scale,Professional Services,6,905.7,72,0.005,Low,No single dominant signal — risk driven by a broad combination of factors,Review full usage trend in the dashboard before deciding on outreach.,0.0,0.9937888198757764,0.0,10.0,2026-06-24
ACC-00648,Growth,Healthcare,3,268.71,44,0.005,Low,Low NPS/survey response (5/10),Personally follow up on their survey feedback; treat as a save-play priority.,1.0,1.020408163265306,0.499999750000125,5.0,2026-06-26
ACC-00506,Starter,Professional Services,1,71.86,142,0.005,Low,Active days per week down 52% vs baseline | Low NPS/survey response (2/10),Schedule a proactive check-in call before the next renewal conversation.,4.0,0.7142857142857142,0.499999750000125,2.0,2026-06-26
ACC-00808,Starter,FinTech,1,98.89,100,0.005,Low,Low NPS/survey response (4/10),Personally follow up on their survey feedback; treat as a save-play priority.,0.0,1.542857142857143,0.3333332222222592,4.0,2026-06-23
ACC-00367,Enterprise,FinTech,22,8444.51,219,0.005,Low,Low NPS/survey response (1/10),Personally follow up on their survey feedback; treat as a save-play priority.,0.0,0.8722182340272792,0.2499999375000156,1.0,2026-06-27
ACC-00863,Growth,Professional Services,21,3912.47,51,0.005,Low,No single dominant signal — risk driven by a broad combination of factors,Review full usage trend in the dashboard before deciding on outreach.,0.0,0.9623015873015872,0.6666664444445185,,2026-06-26
ACC-00153,Starter,Healthcare,8,373.37,142,0.005,Low,No single dominant signal — risk driven by a broad combination of factors,Review full usage trend in the dashboard before deciding on outreach.,0.0,1.3392857142857142,0.99999950000025,10.0,2026-06-27
ACC-00704,Growth,EdTech,9,1474.0,184,0.005,Low,Low NPS/survey response (5/10),Personally follow up on their survey feedback; treat as a save-play priority.,0.0,0.8850931677018633,0.999999000001,5.0,2026-06-26
ACC-00799,Enterprise,Professional Services,24,9761.26,156,0.005,Low,Low NPS/survey response (3/10),Personally follow up on their survey feedback; treat as a save-play priority.,0.0,0.8747993579454253,0.2499999375000156,3.0,2026-06-23
ACC-01030,Scale,Retail,12,3163.37,142,0.005,Low,Low NPS/survey response (5/10),Personally follow up on their survey feedback; treat as a save-play priority.,0.0,0.8839285714285715,0.0,5.0,2026-06-25
ACC-00411,Growth,Retail,2,271.79,93,0.005,Low,No single dominant signal — risk driven by a broad combination of factors,Review full usage trend in the dashboard before deciding on outreach.,1.0,1.1224489795918369,0.0,,2026-06-27
ACC-00158,Growth,Healthcare,3,239.7,37,0.005,Low,No single dominant signal — risk driven by a broad combination of factors,Review full usage trend in the dashboard before deciding on outreach.,0.0,0.6036217303822937,0.0,,2026-06-23
ACC-00832,Growth,Healthcare,20,2941.92,100,0.005,Low,No single dominant signal — risk driven by a broad combination of factors,Review full usage trend in the dashboard before deciding on outreach.,0.0,1.0097232610321616,0.0,10.0,2026-06-27
ACC-00329,Growth,Logistics,1,67.59,93,0.005,Low,No single dominant signal — risk driven by a broad combination of factors,Review full usage trend in the dashboard before deciding on outreach.,0.0,0.8928571428571428,0.0,7.0,2026-06-26
ACC-00159,Growth,Manufacturing,18,1206.72,142,0.005,Low,Low NPS/survey response (0/10),Personally follow up on their survey feedback; treat as a save-play priority.,0.0,0.9022556390977444,0.3333332222222592,0.0,2026-06-22
ACC-01198,Starter,Media,3,354.96,170,0.005,Low,Low NPS/survey response (6/10),Personally follow up on their survey feedback; treat as a save-play priority.,0.0,1.146881287726358,0.2499999375000156,6.0,2026-06-23
ACC-00554,Starter,Logistics,5,196.33,177,0.004,Low,No single dominant signal — risk driven by a broad combination of factors,Review full usage trend in the dashboard before deciding on outreach.,0.0,1.0465116279069768,0.0,7.0,2026-06-26
ACC-00516,Growth,Media,5,880.64,44,0.004,Low,No single dominant signal — risk driven by a broad combination of factors,Review full usage trend in the dashboard before deciding on outreach.,0.0,0.976491862567812,0.0,,2026-06-22
ACC-00918,Growth,Manufacturing,3,224.75,107,0.004,Low,No single dominant signal — risk driven by a broad combination of factors,Review full usage trend in the dashboard before deciding on outreach.,0.0,0.8571428571428571,0.2499999375000156,9.0,2026-06-28
ACC-00123,Scale,Professional Services,12,3162.51,72,0.004,Low,No single dominant signal — risk driven by a broad combination of factors,Review full usage trend in the dashboard before deciding on outreach.,0.0,1.125,0.0,,2026-06-26
ACC-00982,Growth,Healthcare,3,388.57,177,0.004,Low,No single dominant signal — risk driven by a broad combination of factors,Review full usage trend in the dashboard before deciding on outreach.,0.0,0.6857142857142856,0.0,7.0,2026-06-23
ACC-00876,Scale,Retail,5,492.71,205,0.004,Low,Low NPS/survey response (1/10),Personally follow up on their survey feedback; treat as a save-play priority.,0.0,1.3075060532687652,0.199999960000008,1.0,2026-06-26
ACC-00421,Starter,EdTech,1,48.32,107,0.004,Low,Low NPS/survey response (2/10),Personally follow up on their survey feedback; treat as a save-play priority.,3.0,0.9022556390977444,0.0,2.0,2026-06-22
ACC-00280,Starter,EdTech,9,778.83,44,0.004,Low,No single dominant signal — risk driven by a broad combination of factors,Review full usage trend in the dashboard before deciding on outreach.,0.0,1.120879120879121,0.999999000001,,2026-06-23
ACC-00827,Enterprise,Media,4,1626.73,107,0.004,Low,No single dominant signal — risk driven by a broad combination of factors,Review full usage trend in the dashboard before deciding on outreach.,0.0,0.989010989010989,0.0,10.0,2026-06-24
ACC-01184,Starter,Professional Services,1,95.41,205,0.004,Low,Login frequency down 69% vs their own 30-day average | Active days per week down 61% vs baseline | Low NPS/survey response (4/10),Check in with an async usage summary or a light-touch 'how's it going' email.,2.0,0.3061224489795918,0.0,4.0,2026-06-25
ACC-01106,Starter,Manufacturing,4,412.7,51,0.004,Low,No single dominant signal — risk driven by a broad combination of factors,Review full usage trend in the dashboard before deciding on outreach.,1.0,1.3533834586466165,0.0,,2026-06-27
ACC-00587,Growth,Logistics,2,326.28,58,0.004,Low,No single dominant signal — risk driven by a broad combination of factors,Review full usage trend in the dashboard before deciding on outreach.,0.0,1.3445378151260503,0.999999000001,7.0,2026-06-25
ACC-00480,Growth,Manufacturing,23,1835.52,128,0.004,Low,Low NPS/survey response (0/10),Personally follow up on their survey feedback; treat as a save-play priority.,0.0,0.9252038284296348,0.0,0.0,2026-06-24
ACC-00917,Enterprise,EdTech,34,10916.16,135,0.004,Low,No single dominant signal — risk driven by a broad combination of factors,Review full usage trend in the dashboard before deciding on outreach.,0.0,0.8600337268128162,0.0,7.0,2026-06-23
ACC-00440,Scale,EdTech,3,527.1,30,0.004,Low,No single dominant signal — risk driven by a broad combination of factors,Review full usage trend in the dashboard before deciding on outreach.,2.0,0.8571428571428571,0.0,,2026-06-28
ACC-00746,Growth,Retail,4,715.93,37,0.004,Low,Low NPS/survey response (1/10),Personally follow up on their survey feedback; treat as a save-play priority.,0.0,1.2244897959183672,0.999999000001,1.0,2026-06-25
ACC-00052,Growth,Retail,6,788.7,30,0.004,Low,No single dominant signal — risk driven by a broad combination of factors,Review full usage trend in the dashboard before deciding on outreach.,0.0,0.6809078771695594,0.999999000001,,2026-06-24
ACC-00739,Starter,Retail,4,301.16,212,0.004,Low,No single dominant signal — risk driven by a broad combination of factors,Review full usage trend in the dashboard before deciding on outreach.,1.0,0.6593406593406594,0.0,10.0,2026-06-23
ACC-00555,Starter,Healthcare,2,205.39,100,0.004,Low,No single dominant signal — risk driven by a broad combination of factors,Review full usage trend in the dashboard before deciding on outreach.,0.0,1.293800539083558,0.0,9.0,2026-06-23
ACC-00256,Enterprise,Media,18,3279.36,212,0.004,Low,Low NPS/survey response (4/10),Personally follow up on their survey feedback; treat as a save-play priority.,0.0,1.0380622837370244,0.6666664444445185,4.0,2026-06-24
ACC-00950,Growth,EdTech,7,962.84,226,0.004,Low,No single dominant signal — risk driven by a broad combination of factors,Review full usage trend in the dashboard before deciding on outreach.,0.0,1.0023041474654375,0.0,10.0,2026-06-22
ACC-00934,Growth,Healthcare,11,1871.24,44,0.004,Low,No single dominant signal — risk driven by a broad combination of factors,Review full usage trend in the dashboard before deciding on outreach.,0.0,1.091901728844404,0.999999000001,,2026-06-23
ACC-00573,Scale,EdTech,6,1537.13,226,0.004,Low,Low NPS/survey response (4/10),Personally follow up on their survey feedback; treat as a save-play priority.,0.0,0.9786276715410576,0.4999998750000312,4.0,2026-06-28
ACC-00240,Growth,EdTech,11,2068.65,51,0.004,Low,Low NPS/survey response (3/10),Personally follow up on their survey feedback; treat as a save-play priority.,0.0,1.489547038327526,0.99999950000025,3.0,2026-06-26
ACC-00661,Growth,Media,2,100.1,170,0.004,Low,Login frequency down 55% vs their own 30-day average | Low NPS/survey response (4/10),Check in with an async usage summary or a light-touch 'how's it going' email.,3.0,0.4511278195488721,0.0,4.0,2026-06-22
ACC-00930,Enterprise,Media,18,8172.4,51,0.004,Low,No single dominant signal — risk driven by a broad combination of factors,Review full usage trend in the dashboard before deciding on outreach.,0.0,0.9259259259259258,0.0,,2026-06-22
ACC-00522,Scale,Retail,13,1827.53,135,0.004,Low,Low NPS/survey response (3/10),Personally follow up on their survey feedback; treat as a save-play priority.,0.0,0.699248120300752,0.499999750000125,3.0,2026-06-26
ACC-00699,Growth,Healthcare,2,374.87,121,0.004,Low,Low NPS/survey response (4/10),Personally follow up on their survey feedback; treat as a save-play priority.,0.0,0.8294930875576035,0.0,4.0,2026-06-24
ACC-00249,Growth,Healthcare,8,446.61,198,0.004,Low,No single dominant signal — risk driven by a broad combination of factors,Review full usage trend in the dashboard before deciding on outreach.,0.0,0.9473684210526316,0.399999920000016,9.0,2026-06-22
ACC-00234,Starter,FinTech,1,49.02,149,0.004,Low,No single dominant signal — risk driven by a broad combination of factors,Review full usage trend in the dashboard before deciding on outreach.,0.0,1.0714285714285714,0.0,9.0,2026-06-23
ACC-00628,Growth,FinTech,17,1497.87,44,0.004,Low,No single dominant signal — risk driven by a broad combination of factors,Review full usage trend in the dashboard before deciding on outreach.,0.0,0.9165232358003442,0.0,10.0,2026-06-22
ACC-00610,Enterprise,Professional Services,22,2890.27,212,0.004,Low,No single dominant signal — risk driven by a broad combination of factors,Review full usage trend in the dashboard before deciding on outreach.,0.0,1.0759878419452888,0.399999920000016,10.0,2026-06-23
ACC-00717,Starter,Logistics,2,200.11,30,0.004,Low,No single dominant signal — risk driven by a broad combination of factors,Review full usage trend in the dashboard before deciding on outreach.,0.0,1.0389610389610389,0.0,,2026-06-23
ACC-00915,Starter,Logistics,5,498.85,233,0.004,Low,Low NPS/survey response (6/10),Personally follow up on their survey feedback; treat as a save-play priority.,0.0,0.6185567010309279,0.0,6.0,2026-06-23
ACC-00088,Starter,Healthcare,2,186.26,142,0.004,Low,No single dominant signal — risk driven by a broad combination of factors,Review full usage trend in the dashboard before deciding on outreach.,2.0,0.8294930875576035,0.3333332222222592,7.0,2026-06-28
ACC-00640,Starter,FinTech,2,135.01,30,0.004,Low,No single dominant signal — risk driven by a broad combination of factors,Review full usage trend in the dashboard before deciding on outreach.,2.0,0.6428571428571429,0.0,10.0,2026-06-27
ACC-00636,Starter,Retail,36,3028.04,121,0.004,Low,Low NPS/survey response (6/10),Personally follow up on their survey feedback; treat as a save-play priority.,0.0,1.0167098140738997,0.0,6.0,2026-06-25
ACC-00740,Starter,FinTech,1,41.94,177,0.004,Low,Login frequency down 46% vs their own 30-day average | Low NPS/survey response (0/10),Check in with an async usage summary or a light-touch 'how's it going' email.,5.0,0.5357142857142857,0.0,0.0,2026-06-24
ACC-00523,Growth,Manufacturing,3,394.88,205,0.004,Low,No single dominant signal — risk driven by a broad combination of factors,Review full usage trend in the dashboard before deciding on outreach.,0.0,0.665024630541872,0.0,10.0,2026-06-25
ACC-00833,Scale,Professional Services,3,646.6,86,0.004,Low,No single dominant signal — risk driven by a broad combination of factors,Review full usage trend in the dashboard before deciding on outreach.,0.0,0.9183673469387754,0.0,,2026-06-27
ACC-00992,Growth,Logistics,7,461.89,107,0.004,Low,Low NPS/survey response (5/10),Personally follow up on their survey feedback; treat as a save-play priority.,0.0,1.475409836065574,0.3333332222222592,5.0,2026-06-28
ACC-00460,Growth,EdTech,3,344.4,37,0.004,Low,No single dominant signal — risk driven by a broad combination of factors,Review full usage trend in the dashboard before deciding on outreach.,0.0,1.1607142857142856,0.99999950000025,9.0,2026-06-22
ACC-00364,Scale,Manufacturing,7,753.09,30,0.004,Low,Low NPS/survey response (2/10),Personally follow up on their survey feedback; treat as a save-play priority.,0.0,0.8294930875576038,0.999999000001,2.0,2026-06-26
ACC-00980,Growth,Logistics,8,936.85,170,0.004,Low,Low NPS/survey response (5/10),Personally follow up on their survey feedback; treat as a save-play priority.,0.0,1.0364145658263306,0.499999750000125,5.0,2026-06-24
ACC-00584,Scale,Manufacturing,23,6285.13,121,0.004,Low,Low NPS/survey response (5/10),Personally follow up on their survey feedback; treat as a save-play priority.,0.0,0.9481668773704172,0.0,5.0,2026-06-25
ACC-00033,Starter,Logistics,3,215.49,205,0.004,Low,Low NPS/survey response (1/10),Personally follow up on their survey feedback; treat as a save-play priority.,0.0,0.9523809523809524,0.3333332222222592,1.0,2026-06-25
ACC-01074,Growth,EdTech,10,1578.32,121,0.004,Low,No single dominant signal — risk driven by a broad combination of factors,Review full usage trend in the dashboard before deciding on outreach.,0.0,0.9523809523809524,0.4999998750000312,10.0,2026-06-25
ACC-00231,Starter,Media,1,94.41,30,0.004,Low,No single dominant signal — risk driven by a broad combination of factors,Review full usage trend in the dashboard before deciding on outreach.,1.0,1.607142857142857,0.999999000001,,2026-06-26
ACC-00490,Starter,Logistics,4,413.37,37,0.004,Low,No single dominant signal — risk driven by a broad combination of factors,Review full usage trend in the dashboard before deciding on outreach.,0.0,1.1943793911007026,0.0,9.0,2026-06-25
ACC-00235,Growth,EdTech,15,1967.91,37,0.004,Low,No single dominant signal — risk driven by a broad combination of factors,Review full usage trend in the dashboard before deciding on outreach.,0.0,1.1531841652323578,0.99999950000025,,2026-06-27
ACC-00250,Growth,Manufacturing,7,341.77,44,0.004,Low,Low NPS/survey response (6/10),Personally follow up on their survey feedback; treat as a save-play priority.,0.0,0.9206349206349208,0.999999000001,6.0,2026-06-23
ACC-00605,Growth,Logistics,5,847.23,219,0.004,Low,No single dominant signal — risk driven by a broad combination of factors,Review full usage trend in the dashboard before deciding on outreach.,0.0,0.6008010680907877,0.3333332222222592,10.0,2026-06-27
ACC-00216,Starter,Manufacturing,2,91.48,100,0.004,Low,No single dominant signal — risk driven by a broad combination of factors,Review full usage trend in the dashboard before deciding on outreach.,0.0,1.2087912087912087,0.0,7.0,2026-06-26
ACC-00066,Starter,Retail,3,148.67,233,0.004,Low,Low NPS/survey response (2/10),Personally follow up on their survey feedback; treat as a save-play priority.,0.0,1.1538461538461535,0.6666664444445185,2.0,2026-06-26
ACC-00335,Growth,Media,5,515.73,128,0.004,Low,No single dominant signal — risk driven by a broad combination of factors,Review full usage trend in the dashboard before deciding on outreach.,0.0,1.0714285714285714,0.499999750000125,10.0,2026-06-25
ACC-01094,Growth,Logistics,9,568.98,30,0.004,Low,No single dominant signal — risk driven by a broad combination of factors,Review full usage trend in the dashboard before deciding on outreach.,0.0,0.8426966292134831,0.0,8.0,2026-06-23
ACC-01025,Starter,Logistics,4,396.28,37,0.004,Low,No single dominant signal — risk driven by a broad combination of factors,Review full usage trend in the dashboard before deciding on outreach.,0.0,0.9677419354838708,0.0,,2026-06-25
ACC-00303,Scale,Manufacturing,14,1167.43,163,0.004,Low,No single dominant signal — risk driven by a broad combination of factors,Review full usage trend in the dashboard before deciding on outreach.,0.0,1.2244897959183674,0.99999950000025,,2026-06-22
ACC-00745,Scale,Manufacturing,16,3510.13,30,0.004,Low,Low NPS/survey response (5/10),Personally follow up on their survey feedback; treat as a save-play priority.,0.0,0.9838799332962758,0.0,5.0,2026-06-25
ACC-00095,Scale,Manufacturing,7,1397.21,135,0.004,Low,No single dominant signal — risk driven by a broad combination of factors,Review full usage trend in the dashboard before deciding on outreach.,0.0,1.0379464285714286,0.199999960000008,10.0,2026-06-27
ACC-00530,Enterprise,Retail,12,3379.66,44,0.004,Low,No single dominant signal — risk driven by a broad combination of factors,Review full usage trend in the dashboard before deciding on outreach.,1.0,0.9034749034749034,0.0,,2026-06-28
ACC-00787,Enterprise,Media,12,4763.75,100,0.004,Low,No single dominant signal — risk driven by a broad combination of factors,Review full usage trend in the dashboard before deciding on outreach.,0.0,1.1773940345368918,0.999999000001,10.0,2026-06-27
ACC-01177,Growth,Professional Services,9,1536.32,219,0.003,Low,No single dominant signal — risk driven by a broad combination of factors,Review full usage trend in the dashboard before deciding on outreach.,0.0,1.0361067503924648,0.0,,2026-06-27
ACC-00881,Starter,Media,4,343.93,44,0.003,Low,Low NPS/survey response (2/10),Personally follow up on their survey feedback; treat as a save-play priority.,0.0,1.2087912087912087,0.499999750000125,2.0,2026-06-22
ACC-00695,Starter,Media,4,444.92,219,0.003,Low,No single dominant signal — risk driven by a broad combination of factors,Review full usage trend in the dashboard before deciding on outreach.,0.0,0.6722689075630252,0.0,9.0,2026-06-26
ACC-00456,Growth,FinTech,4,669.02,100,0.003,Low,No single dominant signal — risk driven by a broad combination of factors,Review full usage trend in the dashboard before deciding on outreach.,0.0,1.1764705882352942,0.0,,2026-06-24
ACC-00849,Starter,EdTech,2,71.08,79,0.003,Low,No single dominant signal — risk driven by a broad combination of factors,Review full usage trend in the dashboard before deciding on outreach.,0.0,0.8241758241758241,0.0,10.0,2026-06-25
ACC-00715,Starter,Manufacturing,4,475.01,44,0.003,Low,Low NPS/survey response (3/10),Personally follow up on their survey feedback; treat as a save-play priority.,0.0,0.9428571428571428,0.0,3.0,2026-06-27
ACC-00543,Growth,Logistics,4,748.37,233,0.003,Low,Low NPS/survey response (6/10),Personally follow up on their survey feedback; treat as a save-play priority.,0.0,0.7142857142857143,0.2499999375000156,6.0,2026-06-25
ACC-00423,Growth,Retail,4,473.38,58,0.003,Low,No single dominant signal — risk driven by a broad combination of factors,Review full usage trend in the dashboard before deciding on outreach.,0.0,1.0714285714285716,0.0,8.0,2026-06-22
ACC-01168,Enterprise,Media,6,847.86,30,0.003,Low,No single dominant signal — risk driven by a broad combination of factors,Review full usage trend in the dashboard before deciding on outreach.,0.0,0.8866995073891627,0.0,,2026-06-23
ACC-00792,Scale,EdTech,32,6515.22,177,0.003,Low,Low NPS/survey response (5/10),Personally follow up on their survey feedback; treat as a save-play priority.,0.0,1.0325684678016285,0.99999950000025,5.0,2026-06-23
ACC-00238,Growth,Media,1,49.46,205,0.003,Low,Login frequency down 64% vs their own 30-day average | Active days per week down 57% vs baseline,Check in with an async usage summary or a light-touch 'how's it going' email.,1.0,0.3571428571428571,0.0,10.0,2026-06-25
ACC-00211,Scale,Healthcare,6,1508.19,58,0.003,Low,Low NPS/survey response (2/10),Personally follow up on their survey feedback; treat as a save-play priority.,0.0,0.9756097560975612,0.999999000001,2.0,2026-06-23
ACC-00847,Enterprise,Manufacturing,5,1272.25,30,0.003,Low,No single dominant signal — risk driven by a broad combination of factors,Review full usage trend in the dashboard before deciding on outreach.,2.0,0.9183673469387754,0.499999750000125,,2026-06-28
ACC-00465,Starter,Manufacturing,4,476.46,212,0.003,Low,No single dominant signal — risk driven by a broad combination of factors,Review full usage trend in the dashboard before deciding on outreach.,0.0,1.0599078341013823,0.0,10.0,2026-06-24
ACC-00355,Starter,EdTech,4,453.01,156,0.003,Low,No single dominant signal — risk driven by a broad combination of factors,Review full usage trend in the dashboard before deciding on outreach.,0.0,0.6976744186046512,0.499999750000125,9.0,2026-06-28
ACC-00492,Starter,Media,4,332.35,191,0.003,Low,No single dominant signal — risk driven by a broad combination of factors,Review full usage trend in the dashboard before deciding on outreach.,1.0,0.8970099667774087,0.0,9.0,2026-06-27
ACC-00100,Growth,Manufacturing,4,566.31,135,0.003,Low,Login frequency down 40% vs their own 30-day average,Check in with an async usage summary or a light-touch 'how's it going' email.,0.0,0.5980066445182723,0.0,7.0,2026-06-27
ACC-00474,Starter,EdTech,2,131.0,212,0.003,Low,Low NPS/survey response (4/10),Personally follow up on their survey feedback; treat as a save-play priority.,0.0,1.0285714285714285,0.499999750000125,4.0,2026-06-26
ACC-00567,Starter,Manufacturing,2,87.83,156,0.003,Low,Low NPS/survey response (4/10),Personally follow up on their survey feedback; treat as a save-play priority.,0.0,1.4610389610389611,0.2499999375000156,4.0,2026-06-23
ACC-01197,Starter,Healthcare,3,199.37,135,0.003,Low,No single dominant signal — risk driven by a broad combination of factors,Review full usage trend in the dashboard before deciding on outreach.,1.0,1.0084033613445378,0.6666664444445185,10.0,2026-06-26
ACC-00019,Starter,Professional Services,5,440.05,170,0.003,Low,No single dominant signal — risk driven by a broad combination of factors,Review full usage trend in the dashboard before deciding on outreach.,0.0,1.1142857142857143,0.0,10.0,2026-06-26
ACC-00576,Scale,Professional Services,15,1224.15,58,0.003,Low,No single dominant signal — risk driven by a broad combination of factors,Review full usage trend in the dashboard before deciding on outreach.,0.0,0.8538587848932677,0.499999750000125,9.0,2026-06-23
ACC-00736,Starter,EdTech,2,170.34,149,0.003,Low,Login frequency down 80% vs their own 30-day average | Active days per week down 73% vs baseline,Check in with an async usage summary or a light-touch 'how's it going' email.,3.0,0.2040816326530612,0.4999998750000312,10.0,2026-06-28
ACC-01018,Growth,Healthcare,4,402.11,142,0.003,Low,No single dominant signal — risk driven by a broad combination of factors,Review full usage trend in the dashboard before deciding on outreach.,0.0,1.1607142857142856,0.0,9.0,2026-06-24
ACC-00689,Enterprise,FinTech,9,4136.74,51,0.003,Low,No single dominant signal — risk driven by a broad combination of factors,Review full usage trend in the dashboard before deciding on outreach.,0.0,0.8847926267281105,0.999999000001,10.0,2026-06-22
ACC-00696,Starter,FinTech,3,90.01,51,0.003,Low,No single dominant signal — risk driven by a broad combination of factors,Review full usage trend in the dashboard before deciding on outreach.,1.0,0.8035714285714285,0.999999000001,,2026-06-24
ACC-00977,Starter,Manufacturing,4,338.86,30,0.003,Low,No single dominant signal — risk driven by a broad combination of factors,Review full usage trend in the dashboard before deciding on outreach.,0.0,1.0084033613445378,0.0,,2026-06-28
ACC-00716,Growth,Professional Services,10,1877.37,93,0.003,Low,No single dominant signal — risk driven by a broad combination of factors,Review full usage trend in the dashboard before deciding on outreach.,0.0,1.1974789915966388,0.499999750000125,10.0,2026-06-26
ACC-00119,Growth,Manufacturing,2,342.16,114,0.003,Low,No single dominant signal — risk driven by a broad combination of factors,Review full usage trend in the dashboard before deciding on outreach.,1.0,1.512605042016807,0.2499999375000156,9.0,2026-06-28
ACC-00363,Enterprise,EdTech,14,2396.08,30,0.003,Low,No single dominant signal — risk driven by a broad combination of factors,Review full usage trend in the dashboard before deciding on outreach.,0.0,0.920523138832998,0.499999750000125,8.0,2026-06-28
ACC-00613,Growth,EdTech,1,76.78,198,0.003,Low,Low NPS/survey response (1/10),Personally follow up on their survey feedback; treat as a save-play priority.,1.0,1.0084033613445378,0.2499999375000156,1.0,2026-06-24
ACC-00117,Starter,Media,5,222.44,51,0.003,Low,No single dominant signal — risk driven by a broad combination of factors,Review full usage trend in the dashboard before deciding on outreach.,0.0,0.9795918367346936,0.0,7.0,2026-06-28
ACC-00429,Starter,EdTech,5,416.13,121,0.003,Low,No single dominant signal — risk driven by a broad combination of factors,Review full usage trend in the dashboard before deciding on outreach.,0.0,0.7036247334754797,0.0,7.0,2026-06-27
ACC-00855,Starter,FinTech,2,70.07,128,0.003,Low,No single dominant signal — risk driven by a broad combination of factors,Review full usage trend in the dashboard before deciding on outreach.,0.0,1.020408163265306,0.499999750000125,8.0,2026-06-28
ACC-01005,Growth,Logistics,5,575.74,170,0.003,Low,No single dominant signal — risk driven by a broad combination of factors,Review full usage trend in the dashboard before deciding on outreach.,1.0,0.7417582417582418,0.999999000001,8.0,2026-06-25
ACC-00684,Scale,Logistics,7,909.68,37,0.003,Low,Low NPS/survey response (4/10),Personally follow up on their survey feedback; treat as a save-play priority.,0.0,1.401098901098901,0.0,4.0,2026-06-24
ACC-01009,Growth,Logistics,4,321.15,142,0.003,Low,No single dominant signal — risk driven by a broad combination of factors,Review full usage trend in the dashboard before deciding on outreach.,0.0,1.6006884681583478,0.0,10.0,2026-06-23
ACC-00485,Starter,FinTech,1,32.99,163,0.003,Low,No single dominant signal — risk driven by a broad combination of factors,Review full usage trend in the dashboard before deciding on outreach.,1.0,1.2244897959183672,0.99999950000025,10.0,2026-06-26
ACC-00087,Growth,Retail,5,883.47,226,0.003,Low,No single dominant signal — risk driven by a broad combination of factors,Review full usage trend in the dashboard before deciding on outreach.,0.0,0.9183673469387754,0.0,10.0,2026-06-26
ACC-00247,Growth,FinTech,6,613.18,37,0.003,Low,No single dominant signal — risk driven by a broad combination of factors,Review full usage trend in the dashboard before deciding on outreach.,0.0,1.020408163265306,0.0,,2026-06-26
ACC-01092,Starter,Professional Services,3,211.44,149,0.003,Low,No single dominant signal — risk driven by a broad combination of factors,Review full usage trend in the dashboard before deciding on outreach.,0.0,0.8928571428571428,0.0,9.0,2026-06-23
ACC-01180,Starter,Professional Services,18,1381.39,135,0.003,Low,No single dominant signal — risk driven by a broad combination of factors,Review full usage trend in the dashboard before deciding on outreach.,0.0,0.9671302149178256,0.499999750000125,10.0,2026-06-26
ACC-00528,Growth,EdTech,6,724.91,142,0.003,Low,Low NPS/survey response (4/10),Personally follow up on their survey feedback; treat as a save-play priority.,0.0,1.350293542074364,0.99999950000025,4.0,2026-06-28
ACC-01059,Growth,EdTech,11,1833.89,58,0.003,Low,No single dominant signal — risk driven by a broad combination of factors,Review full usage trend in the dashboard before deciding on outreach.,0.0,0.9461966604823748,0.0,,2026-06-28
ACC-01032,Starter,FinTech,23,2023.85,135,0.003,Low,Low NPS/survey response (3/10),Personally follow up on their survey feedback; treat as a save-play priority.,0.0,0.9698558322411532,0.0,3.0,2026-06-24
ACC-00887,Growth,Healthcare,3,408.77,135,0.003,Low,No single dominant signal — risk driven by a broad combination of factors,Review full usage trend in the dashboard before deciding on outreach.,2.0,0.8206686930091186,0.0,8.0,2026-06-28
ACC-01181,Starter,Manufacturing,4,229.7,30,0.003,Low,No single dominant signal — risk driven by a broad combination of factors,Review full usage trend in the dashboard before deciding on outreach.,0.0,1.2100840336134453,0.0,9.0,2026-06-27
ACC-00253,Growth,Healthcare,4,414.77,128,0.003,Low,No single dominant signal — risk driven by a broad combination of factors,Review full usage trend in the dashboard before deciding on outreach.,0.0,1.3533834586466165,0.6666664444445185,9.0,2026-06-28
ACC-00354,Scale,Manufacturing,10,1648.71,107,0.003,Low,No single dominant signal — risk driven by a broad combination of factors,Review full usage trend in the dashboard before deciding on outreach.,0.0,1.079136690647482,0.0,8.0,2026-06-27
ACC-01079,Growth,FinTech,3,379.5,30,0.003,Low,No single dominant signal — risk driven by a broad combination of factors,Review full usage trend in the dashboard before deciding on outreach.,0.0,0.9266409266409266,0.0,8.0,2026-06-25
ACC-00566,Starter,EdTech,3,182.61,30,0.003,Low,Login frequency down 43% vs their own 30-day average,Check in with an async usage summary or a light-touch 'how's it going' email.,1.0,0.5714285714285714,0.0,,2026-06-27
ACC-00041,Starter,Media,1,76.68,135,0.003,Low,No single dominant signal — risk driven by a broad combination of factors,Review full usage trend in the dashboard before deciding on outreach.,2.0,0.8571428571428571,0.999999000001,8.0,2026-06-28
ACC-00289,Starter,Logistics,7,350.14,170,0.003,Low,Low NPS/survey response (6/10),Personally follow up on their survey feedback; treat as a save-play priority.,0.0,0.9146341463414634,0.0,6.0,2026-06-23
ACC-00092,Starter,Media,8,316.18,58,0.003,Low,No single dominant signal — risk driven by a broad combination of factors,Review full usage trend in the dashboard before deciding on outreach.,0.0,0.7820646506777894,0.0,,2026-06-24
ACC-00366,Scale,Professional Services,10,1877.19,37,0.003,Low,No single dominant signal — risk driven by a broad combination of factors,Review full usage trend in the dashboard before deciding on outreach.,0.0,0.8035714285714286,0.0,,2026-06-22
ACC-00734,Starter,Logistics,7,571.34,58,0.003,Low,Low NPS/survey response (5/10),Personally follow up on their survey feedback; treat as a save-play priority.,0.0,1.1320754716981132,0.3333332222222592,5.0,2026-06-27
ACC-00713,Growth,FinTech,3,275.55,37,0.003,Low,No single dominant signal — risk driven by a broad combination of factors,Review full usage trend in the dashboard before deciding on outreach.,0.0,1.0963455149501662,0.3333332222222592,10.0,2026-06-26
ACC-00632,Scale,Media,6,960.26,184,0.003,Low,Low NPS/survey response (6/10),Personally follow up on their survey feedback; treat as a save-play priority.,0.0,0.9667024704618687,0.0,6.0,2026-06-27
ACC-01167,Starter,FinTech,4,174.92,219,0.003,Low,Low NPS/survey response (6/10),Personally follow up on their survey feedback; treat as a save-play priority.,0.0,1.2321428571428572,0.499999750000125,6.0,2026-06-26
ACC-00846,Starter,Retail,12,996.11,100,0.003,Low,Low NPS/survey response (2/10),Personally follow up on their survey feedback; treat as a save-play priority.,0.0,1.1334120425029517,0.0,2.0,2026-06-28
ACC-00683,Growth,Logistics,14,2568.18,107,0.003,Low,No single dominant signal — risk driven by a broad combination of factors,Review full usage trend in the dashboard before deciding on outreach.,0.0,1.156015037593985,0.0,10.0,2026-06-26
ACC-00010,Enterprise,Manufacturing,9,1228.67,149,0.003,Low,Low NPS/survey response (1/10),Personally follow up on their survey feedback; treat as a save-play priority.,0.0,1.032325338894682,0.499999750000125,1.0,2026-06-22
ACC-00443,Growth,Manufacturing,11,1207.56,142,0.003,Low,Low NPS/survey response (2/10),Personally follow up on their survey feedback; treat as a save-play priority.,0.0,0.7692307692307692,0.999999000001,2.0,2026-06-24
ACC-00135,Growth,Media,1,176.4,198,0.003,Low,No single dominant signal — risk driven by a broad combination of factors,Review full usage trend in the dashboard before deciding on outreach.,1.0,0.6593406593406593,0.0,10.0,2026-06-23
ACC-00124,Scale,Retail,9,743.6,58,0.003,Low,Very narrow feature adoption (avg 1.8 features/day) | Low NPS/survey response (2/10),Offer a tailored onboarding refresh or feature-adoption session.,0.0,0.9523809523809524,0.0,2.0,2026-06-26
ACC-00059,Starter,Logistics,5,569.43,184,0.003,Low,Low NPS/survey response (1/10),Personally follow up on their survey feedback; treat as a save-play priority.,0.0,1.1876075731497415,0.0,1.0,2026-06-24
ACC-00106,Growth,Manufacturing,2,169.9,58,0.003,Low,Low NPS/survey response (3/10),Personally follow up on their survey feedback; treat as a save-play priority.,2.0,1.5384615384615383,0.999999000001,3.0,2026-06-28
ACC-00037,Starter,Media,3,264.0,233,0.003,Low,No single dominant signal — risk driven by a broad combination of factors,Review full usage trend in the dashboard before deciding on outreach.,0.0,0.7619047619047619,0.499999750000125,10.0,2026-06-23
ACC-00993,Starter,Media,1,68.43,163,0.003,Low,No single dominant signal — risk driven by a broad combination of factors,Review full usage trend in the dashboard before deciding on outreach.,0.0,1.2857142857142858,0.499999750000125,10.0,2026-06-24
ACC-00406,Scale,EdTech,9,1131.0,128,0.003,Low,No single dominant signal — risk driven by a broad combination of factors,Review full usage trend in the dashboard before deciding on outreach.,0.0,0.7861369399830939,0.0,10.0,2026-06-25
ACC-00196,Growth,Logistics,6,332.17,44,0.003,Low,No single dominant signal — risk driven by a broad combination of factors,Review full usage trend in the dashboard before deciding on outreach.,0.0,0.9257142857142856,0.0,9.0,2026-06-25
ACC-01193,Starter,Retail,5,443.34,44,0.003,Low,No single dominant signal — risk driven by a broad combination of factors,Review full usage trend in the dashboard before deciding on outreach.,0.0,0.8948194662480378,0.999999000001,9.0,2026-06-26
ACC-00383,Starter,Healthcare,1,48.22,65,0.003,Low,Low NPS/survey response (3/10),Personally follow up on their survey feedback; treat as a save-play priority.,0.0,0.9183673469387754,0.999999000001,3.0,2026-06-26
ACC-01149,Scale,EdTech,7,1150.38,121,0.003,Low,No single dominant signal — risk driven by a broad combination of factors,Review full usage trend in the dashboard before deciding on outreach.,0.0,1.3788819875776397,0.499999750000125,9.0,2026-06-27
ACC-00094,Scale,FinTech,7,1007.58,44,0.003,Low,No single dominant signal — risk driven by a broad combination of factors,Review full usage trend in the dashboard before deciding on outreach.,0.0,0.8411214953271028,0.999999000001,9.0,2026-06-26
ACC-00391,Scale,Media,8,1213.95,30,0.003,Low,No single dominant signal — risk driven by a broad combination of factors,Review full usage trend in the dashboard before deciding on outreach.,0.0,0.9253246753246754,0.0,8.0,2026-06-25
ACC-00099,Starter,EdTech,1,38.06,142,0.003,Low,No single dominant signal — risk driven by a broad combination of factors,Review full usage trend in the dashboard before deciding on outreach.,0.0,1.607142857142857,0.0,,2026-06-28
ACC-00895,Enterprise,Professional Services,7,2848.46,226,0.003,Low,No single dominant signal — risk driven by a broad combination of factors,Review full usage trend in the dashboard before deciding on outreach.,0.0,0.9257142857142856,0.499999750000125,10.0,2026-06-22
ACC-00575,Growth,EdTech,7,1005.55,51,0.003,Low,No single dominant signal — risk driven by a broad combination of factors,Review full usage trend in the dashboard before deciding on outreach.,0.0,0.875251509054326,0.0,8.0,2026-06-24
ACC-00682,Starter,EdTech,7,716.17,121,0.003,Low,No single dominant signal — risk driven by a broad combination of factors,Review full usage trend in the dashboard before deciding on outreach.,0.0,1.0612244897959184,0.0,,2026-06-24
ACC-00942,Growth,Media,5,665.26,107,0.003,Low,No single dominant signal — risk driven by a broad combination of factors,Review full usage trend in the dashboard before deciding on outreach.,0.0,1.5584415584415583,0.0,,2026-06-22
ACC-00246,Starter,Retail,3,355.09,163,0.003,Low,Low NPS/survey response (3/10),Personally follow up on their survey feedback; treat as a save-play priority.,0.0,0.6469002695417789,0.0,3.0,2026-06-26
ACC-00374,Starter,Media,1,79.67,128,0.003,Low,No single dominant signal — risk driven by a broad combination of factors,Review full usage trend in the dashboard before deciding on outreach.,0.0,0.6766917293233082,0.0,,2026-06-24
ACC-00759,Growth,Media,13,1369.37,51,0.003,Low,No single dominant signal — risk driven by a broad combination of factors,Review full usage trend in the dashboard before deciding on outreach.,0.0,1.101072840203275,0.0,,2026-06-26
ACC-00006,Starter,Logistics,1,70.03,191,0.003,Low,Low NPS/survey response (2/10),Personally follow up on their survey feedback; treat as a save-play priority.,3.0,0.8571428571428571,0.0,2.0,2026-06-22
ACC-01123,Starter,Manufacturing,10,841.89,226,0.003,Low,Low NPS/survey response (2/10),Personally follow up on their survey feedback; treat as a save-play priority.,1.0,0.8939526730937772,0.0,2.0,2026-06-27
ACC-01160,Growth,Media,9,1257.17,30,0.003,Low,No single dominant signal — risk driven by a broad combination of factors,Review full usage trend in the dashboard before deciding on outreach.,0.0,0.992063492063492,0.0,7.0,2026-06-24
ACC-00405,Scale,Retail,10,932.71,184,0.003,Low,No single dominant signal — risk driven by a broad combination of factors,Review full usage trend in the dashboard before deciding on outreach.,0.0,0.7697642163661581,0.0,10.0,2026-06-22
ACC-00687,Starter,Media,1,81.91,51,0.003,Low,No single dominant signal — risk driven by a broad combination of factors,Review full usage trend in the dashboard before deciding on outreach.,1.0,1.1428571428571428,0.0,,2026-06-27
ACC-00067,Growth,Retail,5,637.1,121,0.003,Low,Low NPS/survey response (2/10),Personally follow up on their survey feedback; treat as a save-play priority.,0.0,0.8206686930091186,0.0,2.0,2026-06-25
ACC-00615,Scale,FinTech,6,1134.75,30,0.003,Low,No single dominant signal — risk driven by a broad combination of factors,Review full usage trend in the dashboard before deciding on outreach.,0.0,0.8458646616541353,0.0,,2026-06-25
ACC-00557,Growth,Manufacturing,16,1980.21,44,0.003,Low,No single dominant signal — risk driven by a broad combination of factors,Review full usage trend in the dashboard before deciding on outreach.,0.0,0.9206349206349208,0.0,9.0,2026-06-26
ACC-00065,Enterprise,Logistics,12,3459.94,107,0.003,Low,No single dominant signal — risk driven by a broad combination of factors,Review full usage trend in the dashboard before deciding on outreach.,0.0,1.0966810966810967,0.0,10.0,2026-06-26
ACC-01046,Scale,Professional Services,7,1015.89,233,0.003,Low,Low NPS/survey response (4/10),Personally follow up on their survey feedback; treat as a save-play priority.,0.0,0.6444683136412459,0.0,4.0,2026-06-23
ACC-01040,Growth,Professional Services,6,799.89,198,0.003,Low,Low NPS/survey response (3/10),Personally follow up on their survey feedback; treat as a save-play priority.,1.0,0.9375,0.0,3.0,2026-06-27
ACC-00399,Enterprise,Retail,30,13815.36,163,0.003,Low,No single dominant signal — risk driven by a broad combination of factors,Review full usage trend in the dashboard before deciding on outreach.,0.0,1.064604185623294,0.6666664444445185,9.0,2026-06-27
ACC-00043,Growth,Logistics,9,984.24,142,0.003,Low,No single dominant signal — risk driven by a broad combination of factors,Review full usage trend in the dashboard before deciding on outreach.,0.0,1.0068846815834769,0.0,8.0,2026-06-26
ACC-00442,Scale,Retail,2,256.31,37,0.003,Low,Low NPS/survey response (5/10),Personally follow up on their survey feedback; treat as a save-play priority.,0.0,1.0248447204968942,0.0,5.0,2026-06-28
ACC-00920,Growth,Media,1,74.42,212,0.003,Low,Low NPS/survey response (0/10),Personally follow up on their survey feedback; treat as a save-play priority.,3.0,0.6593406593406593,0.0,0.0,2026-06-27
ACC-00540,Enterprise,EdTech,6,1888.1,44,0.002,Low,No single dominant signal — risk driven by a broad combination of factors,Review full usage trend in the dashboard before deciding on outreach.,0.0,0.7518796992481204,0.0,9.0,2026-06-28
ACC-01170,Starter,FinTech,5,356.37,149,0.002,Low,Low NPS/survey response (3/10),Personally follow up on their survey feedback; treat as a save-play priority.,0.0,0.9183673469387754,0.0,3.0,2026-06-25
ACC-00479,Growth,Media,2,223.4,107,0.002,Low,Low NPS/survey response (3/10),Personally follow up on their survey feedback; treat as a save-play priority.,0.0,1.3533834586466165,0.0,3.0,2026-06-25
ACC-00206,Starter,Logistics,1,58.86,219,0.002,Low,Low NPS/survey response (6/10),Personally follow up on their survey feedback; treat as a save-play priority.,0.0,1.3533834586466165,0.0,6.0,2026-06-24
ACC-00227,Enterprise,Manufacturing,27,9568.61,149,0.002,Low,No single dominant signal — risk driven by a broad combination of factors,Review full usage trend in the dashboard before deciding on outreach.,0.0,0.9865229110512128,0.499999750000125,10.0,2026-06-22
ACC-00194,Growth,EdTech,11,1542.8,121,0.002,Low,No single dominant signal — risk driven by a broad combination of factors,Review full usage trend in the dashboard before deciding on outreach.,0.0,1.2285714285714286,0.0,8.0,2026-06-27
ACC-01169,Starter,FinTech,4,440.43,121,0.002,Low,No single dominant signal — risk driven by a broad combination of factors,Review full usage trend in the dashboard before deciding on outreach.,0.0,1.2100840336134453,0.499999750000125,10.0,2026-06-23
ACC-01021,Scale,Manufacturing,7,1344.78,135,0.002,Low,Low NPS/survey response (0/10),Personally follow up on their survey feedback; treat as a save-play priority.,0.0,1.0141766630316251,0.499999750000125,0.0,2026-06-27
ACC-00811,Growth,FinTech,3,424.3,107,0.002,Low,Low NPS/survey response (3/10),Personally follow up on their survey feedback; treat as a save-play priority.,0.0,1.391465677179963,0.999999000001,3.0,2026-06-22
ACC-01148,Scale,EdTech,6,467.08,142,0.002,Low,No single dominant signal — risk driven by a broad combination of factors,Review full usage trend in the dashboard before deciding on outreach.,0.0,1.051948051948052,0.0,9.0,2026-06-24
ACC-00298,Scale,Healthcare,4,524.9,44,0.002,Low,No single dominant signal — risk driven by a broad combination of factors,Review full usage trend in the dashboard before deciding on outreach.,0.0,1.6943521594684383,0.0,10.0,2026-06-23
ACC-00677,Starter,FinTech,2,226.88,156,0.002,Low,No single dominant signal — risk driven by a broad combination of factors,Review full usage trend in the dashboard before deciding on outreach.,0.0,0.7792207792207793,0.0,8.0,2026-06-26
ACC-00676,Starter,Media,2,183.94,191,0.002,Low,No single dominant signal — risk driven by a broad combination of factors,Review full usage trend in the dashboard before deciding on outreach.,0.0,1.0,0.0,10.0,2026-06-23
ACC-01178,Scale,Media,14,3658.21,37,0.002,Low,No single dominant signal — risk driven by a broad combination of factors,Review full usage trend in the dashboard before deciding on outreach.,0.0,0.8998474834773768,0.0,,2026-06-24
ACC-00834,Starter,Healthcare,4,266.65,30,0.002,Low,No single dominant signal — risk driven by a broad combination of factors,Review full usage trend in the dashboard before deciding on outreach.,0.0,0.8716707021791767,0.999999000001,,2026-06-22
ACC-00314,Starter,Healthcare,3,289.81,58,0.002,Low,Low NPS/survey response (3/10),Personally follow up on their survey feedback; treat as a save-play priority.,0.0,0.9316770186335404,0.0,3.0,2026-06-26
ACC-00844,Growth,Retail,17,2735.85,37,0.002,Low,Low NPS/survey response (0/10),Personally follow up on their survey feedback; treat as a save-play priority.,0.0,1.0075187969924813,0.0,0.0,2026-06-24
ACC-00103,Starter,Manufacturing,1,55.62,100,0.002,Low,No single dominant signal — risk driven by a broad combination of factors,Review full usage trend in the dashboard before deciding on outreach.,2.0,1.3714285714285712,0.499999750000125,8.0,2026-06-28
ACC-00886,Growth,Retail,2,223.37,107,0.002,Low,No single dominant signal — risk driven by a broad combination of factors,Review full usage trend in the dashboard before deciding on outreach.,0.0,1.530612244897959,0.0,7.0,2026-06-23
ACC-00784,Growth,Logistics,2,132.44,107,0.002,Low,Low NPS/survey response (6/10),Personally follow up on their survey feedback; treat as a save-play priority.,3.0,1.0452961672473868,0.0,6.0,2026-06-27
ACC-00538,Starter,FinTech,9,900.07,198,0.002,Low,Low NPS/survey response (4/10),Personally follow up on their survey feedback; treat as a save-play priority.,0.0,1.0552763819095476,0.499999750000125,4.0,2026-06-25
ACC-00952,Starter,FinTech,2,173.42,198,0.002,Low,Low NPS/survey response (1/10),Personally follow up on their survey feedback; treat as a save-play priority.,0.0,1.7142857142857142,0.0,1.0,2026-06-23
ACC-00232,Growth,Professional Services,3,386.42,30,0.002,Low,Low NPS/survey response (6/10),Personally follow up on their survey feedback; treat as a save-play priority.,1.0,1.1822660098522166,0.0,6.0,2026-06-24
ACC-01137,Scale,Media,4,491.96,170,0.002,Low,No single dominant signal — risk driven by a broad combination of factors,Review full usage trend in the dashboard before deciding on outreach.,0.0,1.030741410488246,0.0,7.0,2026-06-28
ACC-00814,Enterprise,Media,19,2822.29,149,0.002,Low,Low NPS/survey response (1/10),Personally follow up on their survey feedback; treat as a save-play priority.,0.0,1.022480058013053,0.0,1.0,2026-06-24
ACC-00873,Growth,Professional Services,16,2227.23,51,0.002,Low,No single dominant signal — risk driven by a broad combination of factors,Review full usage trend in the dashboard before deciding on outreach.,0.0,0.8618654073199529,0.0,,2026-06-26
ACC-00191,Starter,Logistics,1,56.46,205,0.002,Low,No single dominant signal — risk driven by a broad combination of factors,Review full usage trend in the dashboard before deciding on outreach.,2.0,1.1688311688311688,0.0,10.0,2026-06-25
ACC-00681,Growth,FinTech,2,302.45,51,0.002,Low,No single dominant signal — risk driven by a broad combination of factors,Review full usage trend in the dashboard before deciding on outreach.,0.0,1.2244897959183672,0.999999000001,9.0,2026-06-28
ACC-00047,Enterprise,Media,9,1572.53,30,0.002,Low,No single dominant signal — risk driven by a broad combination of factors,Review full usage trend in the dashboard before deciding on outreach.,0.0,1.092436974789916,0.0,,2026-06-23
ACC-00693,Growth,Retail,24,2941.77,37,0.002,Low,No single dominant signal — risk driven by a broad combination of factors,Review full usage trend in the dashboard before deciding on outreach.,0.0,1.1173974540311176,0.3333332222222592,,2026-06-28
ACC-01142,Growth,Professional Services,7,1220.95,100,0.002,Low,No single dominant signal — risk driven by a broad combination of factors,Review full usage trend in the dashboard before deciding on outreach.,0.0,1.2646370023419204,0.499999750000125,7.0,2026-06-28
ACC-00627,Scale,FinTech,4,597.07,219,0.002,Low,No single dominant signal — risk driven by a broad combination of factors,Review full usage trend in the dashboard before deciding on outreach.,1.0,0.873015873015873,0.0,9.0,2026-06-23
ACC-01073,Starter,Retail,6,453.93,44,0.002,Low,No single dominant signal — risk driven by a broad combination of factors,Review full usage trend in the dashboard before deciding on outreach.,0.0,1.3392857142857142,0.0,8.0,2026-06-23
ACC-00036,Starter,FinTech,8,331.43,30,0.002,Low,No single dominant signal — risk driven by a broad combination of factors,Review full usage trend in the dashboard before deciding on outreach.,0.0,1.018981018981019,0.999999000001,,2026-06-24
ACC-01054,Scale,Retail,1,282.95,107,0.002,Low,No single dominant signal — risk driven by a broad combination of factors,Review full usage trend in the dashboard before deciding on outreach.,1.0,0.9022556390977444,0.0,7.0,2026-06-22
ACC-00938,Growth,FinTech,2,134.44,142,0.002,Low,No single dominant signal — risk driven by a broad combination of factors,Review full usage trend in the dashboard before deciding on outreach.,0.0,0.9183673469387754,0.0,10.0,2026-06-26
ACC-00154,Starter,Retail,4,345.43,58,0.002,Low,Low NPS/survey response (2/10),Personally follow up on their survey feedback; treat as a save-play priority.,0.0,0.9966777408637874,0.3333332222222592,2.0,2026-06-22
ACC-01049,Starter,Healthcare,3,263.59,135,0.002,Low,No single dominant signal — risk driven by a broad combination of factors,Review full usage trend in the dashboard before deciding on outreach.,0.0,1.4285714285714286,0.0,10.0,2026-06-27
ACC-00079,Starter,Manufacturing,3,313.41,44,0.002,Low,No single dominant signal — risk driven by a broad combination of factors,Review full usage trend in the dashboard before deciding on outreach.,0.0,1.1479591836734693,0.0,8.0,2026-06-26
ACC-00210,Starter,Media,1,74.15,44,0.002,Low,Low NPS/survey response (6/10),Personally follow up on their survey feedback; treat as a save-play priority.,0.0,1.3043478260869563,0.999999000001,6.0,2026-06-25
ACC-00137,Starter,Media,1,88.03,177,0.002,Low,No single dominant signal — risk driven by a broad combination of factors,Review full usage trend in the dashboard before deciding on outreach.,0.0,0.8571428571428571,0.0,10.0,2026-06-27
ACC-01172,Scale,Retail,30,3404.56,114,0.002,Low,No single dominant signal — risk driven by a broad combination of factors,Review full usage trend in the dashboard before deciding on outreach.,0.0,0.970632155301145,0.499999750000125,9.0,2026-06-22
ACC-01153,Growth,Logistics,2,127.27,177,0.002,Low,Low NPS/survey response (6/10),Personally follow up on their survey feedback; treat as a save-play priority.,0.0,0.7792207792207791,0.0,6.0,2026-06-28
ACC-00753,Starter,FinTech,3,231.05,212,0.002,Low,No single dominant signal — risk driven by a broad combination of factors,Review full usage trend in the dashboard before deciding on outreach.,0.0,0.6593406593406593,0.499999750000125,10.0,2026-06-23
ACC-00509,Growth,Healthcare,10,610.35,135,0.002,Low,Low NPS/survey response (0/10),Personally follow up on their survey feedback; treat as a save-play priority.,0.0,0.9253246753246754,0.0,0.0,2026-06-23
ACC-01052,Growth,Professional Services,3,518.11,135,0.002,Low,No single dominant signal — risk driven by a broad combination of factors,Review full usage trend in the dashboard before deciding on outreach.,1.0,0.8163265306122449,0.0,10.0,2026-06-24
ACC-00921,Growth,EdTech,6,830.96,177,0.002,Low,Low NPS/survey response (3/10),Personally follow up on their survey feedback; treat as a save-play priority.,0.0,0.8013937282229966,0.499999750000125,3.0,2026-06-25
ACC-00395,Starter,Logistics,8,513.92,44,0.002,Low,No single dominant signal — risk driven by a broad combination of factors,Review full usage trend in the dashboard before deciding on outreach.,0.0,0.875251509054326,0.0,9.0,2026-06-25
ACC-00218,Enterprise,FinTech,30,6403.07,37,0.002,Low,No single dominant signal — risk driven by a broad combination of factors,Review full usage trend in the dashboard before deciding on outreach.,0.0,1.064039408866995,0.0,9.0,2026-06-26
ACC-01108,Scale,EdTech,19,4439.47,177,0.002,Low,No single dominant signal — risk driven by a broad combination of factors,Review full usage trend in the dashboard before deciding on outreach.,0.0,0.8427973699940228,0.0,9.0,2026-06-24
ACC-00751,Scale,FinTech,5,865.25,149,0.002,Low,Low NPS/survey response (6/10),Personally follow up on their survey feedback; treat as a save-play priority.,0.0,1.2857142857142858,0.0,6.0,2026-06-23
ACC-01001,Growth,Healthcare,7,429.1,114,0.002,Low,No single dominant signal — risk driven by a broad combination of factors,Review full usage trend in the dashboard before deciding on outreach.,0.0,0.8430913348946136,0.3333332222222592,,2026-06-23
ACC-00913,Scale,Retail,5,1215.32,30,0.002,Low,No single dominant signal — risk driven by a broad combination of factors,Review full usage trend in the dashboard before deciding on outreach.,0.0,1.090909090909091,0.0,7.0,2026-06-23
ACC-00299,Growth,Professional Services,2,349.53,142,0.002,Low,Low NPS/survey response (2/10),Personally follow up on their survey feedback; treat as a save-play priority.,0.0,1.9480519480519485,0.0,2.0,2026-06-24
ACC-01171,Starter,Retail,4,228.86,177,0.002,Low,Low NPS/survey response (6/10),Personally follow up on their survey feedback; treat as a save-play priority.,0.0,1.5343915343915344,0.199999960000008,6.0,2026-06-25
ACC-00418,Growth,FinTech,8,1361.96,51,0.002,Low,No single dominant signal — risk driven by a broad combination of factors,Review full usage trend in the dashboard before deciding on outreach.,0.0,1.4685314685314683,0.999999000001,,2026-06-26
ACC-00084,Growth,Media,3,391.69,212,0.002,Low,No single dominant signal — risk driven by a broad combination of factors,Review full usage trend in the dashboard before deciding on outreach.,0.0,1.8045112781954888,0.0,10.0,2026-06-27
ACC-00061,Starter,Media,15,1757.72,142,0.002,Low,Low NPS/survey response (3/10),Personally follow up on their survey feedback; treat as a save-play priority.,0.0,0.9910714285714286,0.3333332222222592,3.0,2026-06-22
ACC-01115,Starter,Logistics,2,91.61,184,0.002,Low,No single dominant signal — risk driven by a broad combination of factors,Review full usage trend in the dashboard before deciding on outreach.,0.0,0.8333333333333334,0.999999000001,8.0,2026-06-26
ACC-01041,Starter,Manufacturing,6,686.84,107,0.002,Low,No single dominant signal — risk driven by a broad combination of factors,Review full usage trend in the dashboard before deciding on outreach.,0.0,1.2698412698412698,0.0,,2026-06-24
ACC-00710,Growth,FinTech,2,190.67,44,0.002,Low,Low NPS/survey response (4/10),Personally follow up on their survey feedback; treat as a save-play priority.,0.0,1.3865546218487397,0.0,4.0,2026-06-24
ACC-00340,Starter,Healthcare,3,171.24,30,0.002,Low,No single dominant signal — risk driven by a broad combination of factors,Review full usage trend in the dashboard before deciding on outreach.,0.0,1.1960132890365447,0.0,10.0,2026-06-27
ACC-00967,Starter,FinTech,2,182.73,37,0.002,Low,No single dominant signal — risk driven by a broad combination of factors,Review full usage trend in the dashboard before deciding on outreach.,0.0,0.7792207792207793,0.0,,2026-06-22
ACC-00823,Starter,Manufacturing,2,177.96,114,0.002,Low,Low NPS/survey response (3/10),Personally follow up on their survey feedback; treat as a save-play priority.,0.0,0.9428571428571428,0.0,3.0,2026-06-25
ACC-00223,Growth,Manufacturing,7,894.08,114,0.002,Low,No single dominant signal — risk driven by a broad combination of factors,Review full usage trend in the dashboard before deciding on outreach.,0.0,1.0044642857142858,0.499999750000125,,2026-06-24
ACC-00236,Scale,Manufacturing,1,261.98,226,0.002,Low,Low NPS/survey response (5/10),Personally follow up on their survey feedback; treat as a save-play priority.,0.0,0.7453416149068323,0.499999750000125,5.0,2026-06-23
ACC-00933,Enterprise,EdTech,12,2659.07,170,0.002,Low,No single dominant signal — risk driven by a broad combination of factors,Review full usage trend in the dashboard before deciding on outreach.,0.0,0.8944099378881987,0.0,10.0,2026-06-24
ACC-00120,Growth,Manufacturing,4,719.73,30,0.002,Low,No single dominant signal — risk driven by a broad combination of factors,Review full usage trend in the dashboard before deciding on outreach.,0.0,1.2392426850258176,0.0,,2026-06-23
ACC-01097,Enterprise,Retail,9,1288.17,114,0.002,Low,Low NPS/survey response (3/10),Personally follow up on their survey feedback; treat as a save-play priority.,0.0,0.8905380333951761,0.0,3.0,2026-06-22
ACC-00435,Starter,Retail,1,106.06,191,0.002,Low,Login frequency down 73% vs their own 30-day average | Active days per week down 64% vs baseline,Check in with an async usage summary or a light-touch 'how's it going' email.,6.0,0.2678571428571428,0.0,9.0,2026-06-26
ACC-00291,Scale,Manufacturing,24,5100.22,205,0.002,Low,No single dominant signal — risk driven by a broad combination of factors,Review full usage trend in the dashboard before deciding on outreach.,0.0,0.9391867578265564,0.0,7.0,2026-06-25
ACC-00276,Enterprise,FinTech,2,304.03,30,0.002,Low,No single dominant signal — risk driven by a broad combination of factors,Review full usage trend in the dashboard before deciding on outreach.,0.0,1.2244897959183674,0.499999750000125,,2026-06-22
ACC-00764,Growth,Professional Services,14,1158.57,149,0.002,Low,Low NPS/survey response (4/10),Personally follow up on their survey feedback; treat as a save-play priority.,0.0,0.9014232999472852,0.2499999375000156,4.0,2026-06-27
ACC-00619,Growth,Manufacturing,7,667.1,198,0.002,Low,Low NPS/survey response (3/10),Personally follow up on their survey feedback; treat as a save-play priority.,1.0,0.9478021978021978,0.0,3.0,2026-06-28
ACC-01144,Starter,Media,2,145.51,219,0.002,Low,Low NPS/survey response (6/10),Personally follow up on their survey feedback; treat as a save-play priority.,0.0,1.3043478260869563,0.0,6.0,2026-06-24
ACC-01186,Growth,EdTech,4,349.45,128,0.002,Low,Low NPS/survey response (3/10),Personally follow up on their survey feedback; treat as a save-play priority.,0.0,1.0424710424710426,0.0,3.0,2026-06-24
ACC-00518,Enterprise,Retail,4,646.44,37,0.002,Low,Low NPS/survey response (3/10),Personally follow up on their survey feedback; treat as a save-play priority.,0.0,1.0285714285714287,0.0,3.0,2026-06-24
ACC-01088,Starter,FinTech,11,943.18,198,0.002,Low,No single dominant signal — risk driven by a broad combination of factors,Review full usage trend in the dashboard before deciding on outreach.,0.0,0.9253246753246752,0.0,10.0,2026-06-25
ACC-00230,Growth,Retail,9,854.58,177,0.002,Low,No single dominant signal — risk driven by a broad combination of factors,Review full usage trend in the dashboard before deciding on outreach.,0.0,1.0512129380053907,0.199999960000008,10.0,2026-06-27
ACC-00815,Scale,Professional Services,2,181.67,191,0.002,Low,No single dominant signal — risk driven by a broad combination of factors,Review full usage trend in the dashboard before deciding on outreach.,1.0,1.4285714285714286,0.0,10.0,2026-06-28
ACC-00448,Enterprise,Healthcare,23,5040.64,30,0.002,Low,No single dominant signal — risk driven by a broad combination of factors,Review full usage trend in the dashboard before deciding on outreach.,0.0,1.05006105006105,0.0,,2026-06-25
ACC-00202,Growth,Logistics,9,1041.37,142,0.002,Low,No single dominant signal — risk driven by a broad combination of factors,Review full usage trend in the dashboard before deciding on outreach.,0.0,0.7728337236533959,0.0,7.0,2026-06-22
ACC-00777,Growth,FinTech,11,1730.54,149,0.002,Low,Low NPS/survey response (3/10),Personally follow up on their survey feedback; treat as a save-play priority.,0.0,1.2454212454212454,0.0,3.0,2026-06-22
ACC-00956,Scale,Professional Services,33,9167.79,205,0.002,Low,No single dominant signal — risk driven by a broad combination of factors,Review full usage trend in the dashboard before deciding on outreach.,0.0,0.8639636225843123,0.3333332222222592,7.0,2026-06-25
ACC-00252,Starter,Logistics,5,558.81,156,0.002,Low,No single dominant signal — risk driven by a broad combination of factors,Review full usage trend in the dashboard before deciding on outreach.,0.0,1.0714285714285714,0.0,9.0,2026-06-27
ACC-00532,Starter,Professional Services,3,151.87,149,0.002,Low,Low NPS/survey response (4/10),Personally follow up on their survey feedback; treat as a save-play priority.,0.0,1.0865191146881288,0.499999750000125,4.0,2026-06-27
ACC-00840,Enterprise,Professional Services,2,788.0,205,0.002,Low,Low NPS/survey response (3/10),Personally follow up on their survey feedback; treat as a save-play priority.,2.0,0.9266409266409266,0.3333332222222592,3.0,2026-06-28
ACC-00891,Scale,FinTech,11,1487.18,142,0.002,Low,No single dominant signal — risk driven by a broad combination of factors,Review full usage trend in the dashboard before deciding on outreach.,0.0,1.1320754716981132,0.0,8.0,2026-06-27
ACC-00767,Starter,Logistics,5,160.35,191,0.002,Low,No single dominant signal — risk driven by a broad combination of factors,Review full usage trend in the dashboard before deciding on outreach.,0.0,0.8986175115207373,0.499999750000125,7.0,2026-06-27
ACC-00233,Growth,Retail,6,1124.99,156,0.002,Low,No single dominant signal — risk driven by a broad combination of factors,Review full usage trend in the dashboard before deciding on outreach.,0.0,1.120879120879121,0.999999000001,,2026-06-25
ACC-01038,Starter,FinTech,3,353.95,205,0.002,Low,Login frequency down 52% vs their own 30-day average,Check in with an async usage summary or a light-touch 'how's it going' email.,1.0,0.4838709677419354,0.0,10.0,2026-06-26
ACC-01139,Growth,Logistics,3,209.94,170,0.002,Low,No single dominant signal — risk driven by a broad combination of factors,Review full usage trend in the dashboard before deciding on outreach.,0.0,0.9222423146473778,0.999999000001,8.0,2026-06-22
ACC-00189,Growth,Logistics,6,566.15,30,0.002,Low,No single dominant signal — risk driven by a broad combination of factors,Review full usage trend in the dashboard before deciding on outreach.,1.0,0.9257142857142856,0.0,,2026-06-27
ACC-00892,Starter,Media,2,172.17,114,0.002,Low,No single dominant signal — risk driven by a broad combination of factors,Review full usage trend in the dashboard before deciding on outreach.,0.0,1.2244897959183674,0.3333332222222592,9.0,2026-06-26
ACC-00730,Starter,FinTech,5,227.62,37,0.002,Low,Low NPS/survey response (3/10),Personally follow up on their survey feedback; treat as a save-play priority.,0.0,1.0389610389610389,0.0,3.0,2026-06-22
ACC-00139,Growth,Professional Services,3,376.37,135,0.002,Low,Login frequency down 55% vs their own 30-day average,Check in with an async usage summary or a light-touch 'how's it going' email.,0.0,0.4511278195488721,0.0,10.0,2026-06-24
ACC-00415,Enterprise,EdTech,19,7082.24,142,0.002,Low,Low NPS/survey response (3/10),Personally follow up on their survey feedback; treat as a save-play priority.,0.0,0.8610567514677103,0.0,3.0,2026-06-23
ACC-01129,Starter,EdTech,7,344.75,205,0.002,Low,Low NPS/survey response (5/10),Personally follow up on their survey feedback; treat as a save-play priority.,0.0,1.046119235095613,0.0,5.0,2026-06-23
ACC-00515,Starter,Retail,2,109.38,198,0.002,Low,No single dominant signal — risk driven by a broad combination of factors,Review full usage trend in the dashboard before deciding on outreach.,0.0,1.1904761904761905,0.0,7.0,2026-06-23
ACC-01111,Growth,Logistics,8,1500.87,30,0.002,Low,Low NPS/survey response (2/10),Personally follow up on their survey feedback; treat as a save-play priority.,0.0,1.320939334637965,0.0,2.0,2026-06-22
ACC-00122,Enterprise,FinTech,13,2461.75,128,0.002,Low,Low NPS/survey response (2/10),Personally follow up on their survey feedback; treat as a save-play priority.,0.0,1.0124826629681,0.0,2.0,2026-06-23
ACC-00856,Growth,Professional Services,6,541.48,170,0.002,Low,No single dominant signal — risk driven by a broad combination of factors,Review full usage trend in the dashboard before deciding on outreach.,0.0,0.9845559845559844,0.0,10.0,2026-06-26
ACC-00190,Growth,Healthcare,9,1253.73,198,0.002,Low,Low NPS/survey response (5/10),Personally follow up on their survey feedback; treat as a save-play priority.,0.0,0.9523809523809524,0.3333332222222592,5.0,2026-06-25
ACC-00316,Starter,Manufacturing,1,93.14,177,0.002,Low,No single dominant signal — risk driven by a broad combination of factors,Review full usage trend in the dashboard before deciding on outreach.,1.0,0.9890109890109888,0.0,8.0,2026-06-23
ACC-00071,Growth,Professional Services,12,2263.05,58,0.002,Low,Low NPS/survey response (3/10),Personally follow up on their survey feedback; treat as a save-play priority.,0.0,0.960591133004926,0.0,3.0,2026-06-26
ACC-01100,Growth,EdTech,5,917.9,205,0.002,Low,No single dominant signal — risk driven by a broad combination of factors,Review full usage trend in the dashboard before deciding on outreach.,0.0,0.8186195826645264,0.0,8.0,2026-06-22
ACC-00970,Starter,Media,9,334.41,121,0.002,Low,No single dominant signal — risk driven by a broad combination of factors,Review full usage trend in the dashboard before deciding on outreach.,0.0,0.9907834101382488,0.0,7.0,2026-06-24
ACC-00655,Growth,Media,8,718.47,58,0.002,Low,Low NPS/survey response (5/10),Personally follow up on their survey feedback; treat as a save-play priority.,0.0,1.2709359605911332,0.0,5.0,2026-06-23
ACC-00568,Starter,FinTech,2,136.07,30,0.002,Low,No single dominant signal — risk driven by a broad combination of factors,Review full usage trend in the dashboard before deciding on outreach.,0.0,1.542857142857143,0.999999000001,9.0,2026-06-25
ACC-00268,Scale,FinTech,11,1574.56,30,0.002,Low,No single dominant signal — risk driven by a broad combination of factors,Review full usage trend in the dashboard before deciding on outreach.,0.0,0.9400921658986174,0.0,,2026-06-24
ACC-00657,Scale,Healthcare,20,2613.42,198,0.002,Low,No single dominant signal — risk driven by a broad combination of factors,Review full usage trend in the dashboard before deciding on outreach.,0.0,1.0415480933409218,0.0,10.0,2026-06-24
ACC-00186,Starter,EdTech,3,148.09,107,0.002,Low,Low NPS/survey response (3/10),Personally follow up on their survey feedback; treat as a save-play priority.,0.0,1.0714285714285714,0.499999750000125,3.0,2026-06-25
ACC-00333,Scale,EdTech,21,2156.66,191,0.002,Low,Low NPS/survey response (1/10),Personally follow up on their survey feedback; treat as a save-play priority.,0.0,0.9966777408637874,0.0,1.0,2026-06-23
ACC-00618,Scale,Healthcare,10,1177.53,58,0.002,Low,No single dominant signal — risk driven by a broad combination of factors,Review full usage trend in the dashboard before deciding on outreach.,0.0,1.057866184448463,0.0,7.0,2026-06-23
ACC-00545,Growth,EdTech,4,577.08,135,0.002,Low,No single dominant signal — risk driven by a broad combination of factors,Review full usage trend in the dashboard before deciding on outreach.,0.0,1.2428571428571429,0.0,,2026-06-26
ACC-00611,Growth,Logistics,4,527.57,233,0.002,Low,No single dominant signal — risk driven by a broad combination of factors,Review full usage trend in the dashboard before deciding on outreach.,0.0,1.3186813186813189,0.0,8.0,2026-06-24
ACC-00932,Growth,Media,7,1270.57,142,0.002,Low,No single dominant signal — risk driven by a broad combination of factors,Review full usage trend in the dashboard before deciding on outreach.,0.0,1.1278195488721805,0.0,10.0,2026-06-22
ACC-00801,Scale,Media,9,808.07,121,0.002,Low,No single dominant signal — risk driven by a broad combination of factors,Review full usage trend in the dashboard before deciding on outreach.,0.0,1.3082706766917296,0.0,9.0,2026-06-22
ACC-00296,Growth,Manufacturing,2,126.52,163,0.002,Low,No single dominant signal — risk driven by a broad combination of factors,Review full usage trend in the dashboard before deciding on outreach.,0.0,1.3714285714285712,0.0,10.0,2026-06-26
ACC-00864,Growth,EdTech,2,214.96,135,0.002,Low,Low NPS/survey response (3/10),Personally follow up on their survey feedback; treat as a save-play priority.,0.0,1.6770186335403727,0.0,3.0,2026-06-22
ACC-00953,Growth,Professional Services,6,1030.68,37,0.002,Low,No single dominant signal — risk driven by a broad combination of factors,Review full usage trend in the dashboard before deciding on outreach.,0.0,0.6997084548104956,0.0,,2026-06-28
ACC-00081,Growth,Manufacturing,7,476.38,163,0.002,Low,No single dominant signal — risk driven by a broad combination of factors,Review full usage trend in the dashboard before deciding on outreach.,0.0,0.9677419354838708,0.0,,2026-06-28
ACC-00609,Scale,FinTech,3,462.13,233,0.002,Low,No single dominant signal — risk driven by a broad combination of factors,Review full usage trend in the dashboard before deciding on outreach.,0.0,0.8108108108108107,0.0,7.0,2026-06-26
ACC-00703,Growth,Logistics,12,1561.86,142,0.002,Low,Low NPS/survey response (3/10),Personally follow up on their survey feedback; treat as a save-play priority.,0.0,0.8374384236453202,0.3333332222222592,3.0,2026-06-25
ACC-00414,Growth,Retail,4,622.53,149,0.002,Low,No single dominant signal — risk driven by a broad combination of factors,Review full usage trend in the dashboard before deciding on outreach.,0.0,0.940766550522648,0.0,,2026-06-22
ACC-01135,Starter,Logistics,1,91.04,212,0.002,Low,No single dominant signal — risk driven by a broad combination of factors,Review full usage trend in the dashboard before deciding on outreach.,1.0,0.8571428571428571,0.0,9.0,2026-06-23
ACC-00175,Starter,Media,3,117.02,121,0.002,Low,Low NPS/survey response (3/10),Personally follow up on their survey feedback; treat as a save-play priority.,2.0,1.236263736263736,0.0,3.0,2026-06-28
ACC-00317,Scale,Manufacturing,21,2995.61,135,0.002,Low,Low NPS/survey response (0/10),Personally follow up on their survey feedback; treat as a save-play priority.,0.0,1.2,0.0,0.0,2026-06-27
ACC-00407,Starter,Healthcare,6,514.55,121,0.002,Low,No single dominant signal — risk driven by a broad combination of factors,Review full usage trend in the dashboard before deciding on outreach.,0.0,0.9714285714285712,0.0,8.0,2026-06-24
ACC-00320,Growth,EdTech,2,113.31,100,0.002,Low,Low NPS/survey response (4/10),Personally follow up on their survey feedback; treat as a save-play priority.,0.0,1.1538461538461535,0.0,4.0,2026-06-23
ACC-00125,Scale,Logistics,17,3506.24,135,0.002,Low,No single dominant signal — risk driven by a broad combination of factors,Review full usage trend in the dashboard before deciding on outreach.,0.0,1.1050273768043803,0.3333332222222592,7.0,2026-06-25
ACC-00277,Starter,Retail,3,185.4,30,0.002,Low,No single dominant signal — risk driven by a broad combination of factors,Review full usage trend in the dashboard before deciding on outreach.,0.0,0.9594882729211088,0.0,7.0,2026-06-22
ACC-01131,Enterprise,EdTech,32,4149.04,156,0.002,Low,No single dominant signal — risk driven by a broad combination of factors,Review full usage trend in the dashboard before deciding on outreach.,0.0,1.0498147385755454,0.0,10.0,2026-06-22
ACC-00031,Starter,Professional Services,5,154.13,37,0.002,Low,No single dominant signal — risk driven by a broad combination of factors,Review full usage trend in the dashboard before deciding on outreach.,0.0,0.8986175115207373,0.999999000001,,2026-06-25
ACC-00152,Scale,Professional Services,7,1178.32,205,0.002,Low,No single dominant signal — risk driven by a broad combination of factors,Review full usage trend in the dashboard before deciding on outreach.,0.0,0.8348794063079776,0.0,10.0,2026-06-23
ACC-00014,Starter,Professional Services,3,99.97,72,0.002,Low,No single dominant signal — risk driven by a broad combination of factors,Review full usage trend in the dashboard before deciding on outreach.,0.0,1.2698412698412698,0.0,8.0,2026-06-28
ACC-00511,Scale,Healthcare,6,1323.59,58,0.002,Low,No single dominant signal — risk driven by a broad combination of factors,Review full usage trend in the dashboard before deciding on outreach.,0.0,1.0495626822157431,0.0,9.0,2026-06-22
ACC-00688,Scale,Healthcare,15,3234.87,163,0.002,Low,Low NPS/survey response (6/10),Personally follow up on their survey feedback; treat as a save-play priority.,0.0,1.134453781512605,0.0,6.0,2026-06-25
ACC-00958,Starter,Retail,5,199.8,170,0.002,Low,No single dominant signal — risk driven by a broad combination of factors,Review full usage trend in the dashboard before deciding on outreach.,0.0,0.9090909090909092,0.0,10.0,2026-06-26
ACC-00768,Enterprise,Media,7,1057.19,128,0.002,Low,No single dominant signal — risk driven by a broad combination of factors,Review full usage trend in the dashboard before deciding on outreach.,0.0,1.1045655375552283,0.499999750000125,8.0,2026-06-28
ACC-00936,Scale,Retail,13,2974.04,170,0.002,Low,Low NPS/survey response (4/10),Personally follow up on their survey feedback; treat as a save-play priority.,0.0,1.0816326530612244,0.0,4.0,2026-06-24
ACC-00527,Starter,Manufacturing,3,245.79,212,0.002,Low,No single dominant signal — risk driven by a broad combination of factors,Review full usage trend in the dashboard before deciding on outreach.,0.0,1.1751152073732716,0.0,10.0,2026-06-23
ACC-00598,Enterprise,EdTech,12,3217.32,121,0.002,Low,No single dominant signal — risk driven by a broad combination of factors,Review full usage trend in the dashboard before deciding on outreach.,0.0,0.9431880860452287,0.999999000001,10.0,2026-06-25
ACC-00802,Growth,Healthcare,6,695.21,177,0.002,Low,Low NPS/survey response (3/10),Personally follow up on their survey feedback; treat as a save-play priority.,0.0,1.0714285714285716,0.2499999375000156,3.0,2026-06-25
ACC-00481,Enterprise,Retail,64,11909.01,114,0.002,Low,Low NPS/survey response (6/10),Personally follow up on their survey feedback; treat as a save-play priority.,0.0,1.2237987745888423,0.0,6.0,2026-06-28
ACC-00228,Growth,Manufacturing,9,1610.92,114,0.002,Low,No single dominant signal — risk driven by a broad combination of factors,Review full usage trend in the dashboard before deciding on outreach.,0.0,1.0381543921916594,0.499999750000125,10.0,2026-06-23
ACC-00083,Growth,Logistics,4,474.98,177,0.002,Low,Low NPS/survey response (5/10),Personally follow up on their survey feedback; treat as a save-play priority.,0.0,1.011904761904762,0.0,5.0,2026-06-22
ACC-00854,Scale,EdTech,6,1587.26,184,0.002,Low,Low NPS/survey response (0/10),Personally follow up on their survey feedback; treat as a save-play priority.,0.0,1.330049261083744,0.0,0.0,2026-06-24
ACC-00622,Scale,EdTech,9,2444.85,233,0.002,Low,Low NPS/survey response (0/10),Personally follow up on their survey feedback; treat as a save-play priority.,0.0,0.8628954937679769,0.0,0.0,2026-06-22
ACC-00604,Scale,Professional Services,10,1240.57,30,0.002,Low,No single dominant signal — risk driven by a broad combination of factors,Review full usage trend in the dashboard before deciding on outreach.,0.0,1.1255411255411256,0.0,,2026-06-22
ACC-00114,Starter,Professional Services,5,337.77,121,0.002,Low,No single dominant signal — risk driven by a broad combination of factors,Review full usage trend in the dashboard before deciding on outreach.,0.0,0.8137432188065099,0.0,8.0,2026-06-27
ACC-00822,Scale,Retail,7,1381.66,135,0.002,Low,No single dominant signal — risk driven by a broad combination of factors,Review full usage trend in the dashboard before deciding on outreach.,0.0,1.1517857142857144,0.0,9.0,2026-06-24
ACC-00398,Starter,Healthcare,1,109.76,163,0.002,Low,Low NPS/survey response (1/10),Personally follow up on their survey feedback; treat as a save-play priority.,1.0,0.7142857142857142,0.3333332222222592,1.0,2026-06-25
ACC-00379,Growth,Retail,3,303.07,156,0.002,Low,No single dominant signal — risk driven by a broad combination of factors,Review full usage trend in the dashboard before deciding on outreach.,0.0,1.0452961672473868,0.0,9.0,2026-06-22
ACC-01095,Growth,Professional Services,5,275.42,184,0.002,Low,No single dominant signal — risk driven by a broad combination of factors,Review full usage trend in the dashboard before deciding on outreach.,3.0,0.6896551724137931,0.0,8.0,2026-06-22
ACC-00756,Growth,Manufacturing,12,1302.57,191,0.002,Low,No single dominant signal — risk driven by a broad combination of factors,Review full usage trend in the dashboard before deciding on outreach.,0.0,1.0756972111553784,0.499999750000125,8.0,2026-06-23
ACC-00911,Growth,Manufacturing,16,1958.08,163,0.002,Low,No single dominant signal — risk driven by a broad combination of factors,Review full usage trend in the dashboard before deciding on outreach.,0.0,0.9904761904761904,0.499999750000125,10.0,2026-06-28
ACC-00318,Enterprise,Logistics,8,3619.26,142,0.002,Low,Low NPS/survey response (0/10),Personally follow up on their survey feedback; treat as a save-play priority.,0.0,1.3937282229965158,0.0,0.0,2026-06-23
ACC-00974,Growth,Media,6,906.04,219,0.002,Low,Low NPS/survey response (1/10),Personally follow up on their survey feedback; treat as a save-play priority.,0.0,1.062573789846517,0.2499999375000156,1.0,2026-06-25
ACC-00174,Scale,EdTech,13,1840.55,107,0.002,Low,No single dominant signal — risk driven by a broad combination of factors,Review full usage trend in the dashboard before deciding on outreach.,0.0,1.2928970470869912,0.3333332222222592,10.0,2026-06-25
ACC-00960,Growth,Manufacturing,3,398.75,177,0.002,Low,Low NPS/survey response (0/10),Personally follow up on their survey feedback; treat as a save-play priority.,1.0,0.8571428571428571,0.0,0.0,2026-06-25
ACC-00680,Starter,Manufacturing,1,116.34,163,0.002,Low,Low NPS/survey response (0/10),Personally follow up on their survey feedback; treat as a save-play priority.,0.0,1.0285714285714285,0.0,0.0,2026-06-26
ACC-00608,Starter,Manufacturing,1,80.85,191,0.002,Low,No single dominant signal — risk driven by a broad combination of factors,Review full usage trend in the dashboard before deciding on outreach.,1.0,1.2,0.3333332222222592,8.0,2026-06-22
ACC-00178,Starter,Logistics,2,188.26,205,0.001,Low,No single dominant signal — risk driven by a broad combination of factors,Review full usage trend in the dashboard before deciding on outreach.,3.0,0.7142857142857142,0.0,10.0,2026-06-22
ACC-00592,Starter,FinTech,2,221.07,198,0.001,Low,No single dominant signal — risk driven by a broad combination of factors,Review full usage trend in the dashboard before deciding on outreach.,0.0,0.879120879120879,0.0,7.0,2026-06-22
ACC-00167,Starter,Professional Services,10,1126.33,198,0.001,Low,Low NPS/survey response (5/10),Personally follow up on their survey feedback; treat as a save-play priority.,0.0,1.0107816711590298,0.0,5.0,2026-06-22
ACC-00995,Starter,Healthcare,11,615.33,212,0.001,Low,No single dominant signal — risk driven by a broad combination of factors,Review full usage trend in the dashboard before deciding on outreach.,0.0,0.907563025210084,0.0,7.0,2026-06-25
ACC-00853,Scale,EdTech,23,3968.34,184,0.001,Low,No single dominant signal — risk driven by a broad combination of factors,Review full usage trend in the dashboard before deciding on outreach.,0.0,0.8736971183323115,0.0,9.0,2026-06-26
ACC-00172,Enterprise,EdTech,19,7626.25,198,0.001,Low,Low NPS/survey response (4/10),Personally follow up on their survey feedback; treat as a save-play priority.,0.0,0.9261083743842364,0.0,4.0,2026-06-22
ACC-00848,Starter,EdTech,3,252.03,107,0.001,Low,No single dominant signal — risk driven by a broad combination of factors,Review full usage trend in the dashboard before deciding on outreach.,0.0,1.401098901098901,0.0,,2026-06-26
ACC-00831,Starter,FinTech,2,233.43,135,0.001,Low,Low NPS/survey response (4/10),Personally follow up on their survey feedback; treat as a save-play priority.,1.0,1.6883116883116882,0.0,4.0,2026-06-28
ACC-00596,Scale,EdTech,8,1024.24,191,0.001,Low,No single dominant signal — risk driven by a broad combination of factors,Review full usage trend in the dashboard before deciding on outreach.,0.0,1.282339707536558,0.0,10.0,2026-06-22
ACC-00157,Starter,Manufacturing,1,88.06,184,0.001,Low,No single dominant signal — risk driven by a broad combination of factors,Review full usage trend in the dashboard before deciding on outreach.,3.0,0.8571428571428571,0.0,8.0,2026-06-23
ACC-00198,Starter,Manufacturing,2,76.37,205,0.001,Low,Low NPS/survey response (3/10),Personally follow up on their survey feedback; treat as a save-play priority.,0.0,1.3043478260869563,0.0,3.0,2026-06-22
ACC-01016,Scale,FinTech,17,2787.75,51,0.001,Low,No single dominant signal — risk driven by a broad combination of factors,Review full usage trend in the dashboard before deciding on outreach.,0.0,1.0066090493136757,0.0,10.0,2026-06-24
ACC-00312,Growth,Media,10,1165.29,163,0.001,Low,No single dominant signal — risk driven by a broad combination of factors,Review full usage trend in the dashboard before deciding on outreach.,0.0,0.9357454772301934,0.499999750000125,10.0,2026-06-22
ACC-01121,Growth,Manufacturing,4,698.54,226,0.001,Low,No single dominant signal — risk driven by a broad combination of factors,Review full usage trend in the dashboard before deciding on outreach.,0.0,0.9183673469387756,0.0,10.0,2026-06-23
ACC-00371,Growth,Media,3,278.17,58,0.001,Low,No single dominant signal — risk driven by a broad combination of factors,Review full usage trend in the dashboard before deciding on outreach.,0.0,1.0963455149501662,0.0,10.0,2026-06-24
ACC-01000,Starter,Retail,2,88.74,30,0.001,Low,Login frequency down 56% vs their own 30-day average | Low NPS/survey response (3/10),Check in with an async usage summary or a light-touch 'how's it going' email.,0.0,0.4433497536945812,0.999999000001,3.0,2026-06-25
ACC-00011,Growth,Healthcare,6,912.48,51,0.001,Low,No single dominant signal — risk driven by a broad combination of factors,Review full usage trend in the dashboard before deciding on outreach.,0.0,0.979591836734694,0.0,9.0,2026-06-26
ACC-00544,Starter,FinTech,3,181.43,233,0.001,Low,No single dominant signal — risk driven by a broad combination of factors,Review full usage trend in the dashboard before deciding on outreach.,0.0,0.8823529411764706,0.0,7.0,2026-06-28
ACC-00336,Growth,Professional Services,4,231.88,149,0.001,Low,Low NPS/survey response (1/10),Personally follow up on their survey feedback; treat as a save-play priority.,0.0,1.5838509316770184,0.3333332222222592,1.0,2026-06-22
ACC-01061,Enterprise,Manufacturing,5,2334.93,142,0.001,Low,Low NPS/survey response (2/10),Personally follow up on their survey feedback; treat as a save-play priority.,0.0,0.8108108108108107,0.0,2.0,2026-06-28
ACC-00719,Growth,EdTech,7,693.28,198,0.001,Low,No single dominant signal — risk driven by a broad combination of factors,Review full usage trend in the dashboard before deciding on outreach.,0.0,0.7061688311688313,0.0,10.0,2026-06-22
ACC-00360,Enterprise,EdTech,16,4582.91,212,0.001,Low,No single dominant signal — risk driven by a broad combination of factors,Review full usage trend in the dashboard before deciding on outreach.,0.0,0.9942857142857144,0.0,9.0,2026-06-24
ACC-00183,Scale,Healthcare,4,457.09,30,0.001,Low,No single dominant signal — risk driven by a broad combination of factors,Review full usage trend in the dashboard before deciding on outreach.,0.0,1.0975609756097562,0.999999000001,,2026-06-25
ACC-00049,Starter,Manufacturing,3,163.25,219,0.001,Low,No single dominant signal — risk driven by a broad combination of factors,Review full usage trend in the dashboard before deciding on outreach.,1.0,0.6349206349206349,0.0,8.0,2026-06-24
ACC-00590,Scale,Professional Services,7,1071.07,198,0.001,Low,Low NPS/survey response (0/10),Personally follow up on their survey feedback; treat as a save-play priority.,0.0,0.6196213425129088,0.0,0.0,2026-06-24
ACC-00868,Growth,Professional Services,6,716.69,135,0.001,Low,No single dominant signal — risk driven by a broad combination of factors,Review full usage trend in the dashboard before deciding on outreach.,0.0,0.9845559845559844,0.499999750000125,10.0,2026-06-25
ACC-00466,Growth,FinTech,1,75.4,30,0.001,Low,No single dominant signal — risk driven by a broad combination of factors,Review full usage trend in the dashboard before deciding on outreach.,0.0,0.8866995073891625,0.0,,2026-06-25
ACC-00309,Growth,FinTech,14,752.43,30,0.001,Low,No single dominant signal — risk driven by a broad combination of factors,Review full usage trend in the dashboard before deciding on outreach.,0.0,1.1138014527845037,0.0,9.0,2026-06-23
ACC-00401,Growth,Healthcare,5,549.7,51,0.001,Low,No single dominant signal — risk driven by a broad combination of factors,Review full usage trend in the dashboard before deciding on outreach.,0.0,1.3186813186813189,0.499999750000125,,2026-06-26
ACC-00720,Scale,Healthcare,16,4225.73,177,0.001,Low,Low NPS/survey response (3/10),Personally follow up on their survey feedback; treat as a save-play priority.,0.0,0.8989547038327527,0.3333332222222592,3.0,2026-06-22
ACC-01058,Starter,Healthcare,7,703.3,233,0.001,Low,Low NPS/survey response (5/10),Personally follow up on their survey feedback; treat as a save-play priority.,0.0,0.7417582417582418,0.499999750000125,5.0,2026-06-27
ACC-00422,Starter,Manufacturing,4,370.48,170,0.001,Low,No single dominant signal — risk driven by a broad combination of factors,Review full usage trend in the dashboard before deciding on outreach.,0.0,0.940766550522648,0.999999000001,9.0,2026-06-23
ACC-00078,Starter,Manufacturing,2,102.55,107,0.001,Low,Low NPS/survey response (2/10),Personally follow up on their survey feedback; treat as a save-play priority.,2.0,0.9890109890109888,0.0,2.0,2026-06-26
ACC-00013,Growth,Manufacturing,3,400.83,51,0.001,Low,No single dominant signal — risk driven by a broad combination of factors,Review full usage trend in the dashboard before deciding on outreach.,2.0,1.6883116883116882,0.0,10.0,2026-06-28
ACC-00449,Growth,Media,2,288.04,212,0.001,Low,Low NPS/survey response (6/10),Personally follow up on their survey feedback; treat as a save-play priority.,0.0,1.1854103343465046,0.3333332222222592,6.0,2026-06-22
ACC-00972,Scale,FinTech,7,786.53,219,0.001,Low,No single dominant signal — risk driven by a broad combination of factors,Review full usage trend in the dashboard before deciding on outreach.,0.0,1.0135135135135134,0.0,10.0,2026-06-22
ACC-00577,Growth,Healthcare,10,719.03,128,0.001,Low,Low NPS/survey response (3/10),Personally follow up on their survey feedback; treat as a save-play priority.,0.0,0.9343263371699392,0.499999750000125,3.0,2026-06-23
ACC-00413,Growth,Logistics,15,1535.14,156,0.001,Low,No single dominant signal — risk driven by a broad combination of factors,Review full usage trend in the dashboard before deciding on outreach.,0.0,1.1548331907613345,0.499999750000125,8.0,2026-06-26
ACC-00350,Starter,Logistics,4,254.7,121,0.001,Low,Low NPS/survey response (5/10),Personally follow up on their survey feedback; treat as a save-play priority.,0.0,0.9605911330049262,0.0,5.0,2026-06-25
ACC-00650,Growth,Healthcare,7,699.84,212,0.001,Low,No single dominant signal — risk driven by a broad combination of factors,Review full usage trend in the dashboard before deciding on outreach.,0.0,1.2244897959183674,0.0,8.0,2026-06-22
ACC-00925,Growth,Media,5,460.91,226,0.001,Low,Low NPS/survey response (5/10),Personally follow up on their survey feedback; treat as a save-play priority.,0.0,0.9149277688603532,0.0,5.0,2026-06-23
ACC-00300,Starter,FinTech,7,602.31,142,0.001,Low,Low NPS/survey response (5/10),Personally follow up on their survey feedback; treat as a save-play priority.,0.0,0.9419152276295134,0.999999000001,5.0,2026-06-28
ACC-00804,Scale,Manufacturing,9,2344.42,142,0.001,Low,Low NPS/survey response (3/10),Personally follow up on their survey feedback; treat as a save-play priority.,0.0,0.7012987012987014,0.0,3.0,2026-06-22
ACC-01126,Scale,EdTech,10,1454.62,107,0.001,Low,Low NPS/survey response (4/10),Personally follow up on their survey feedback; treat as a save-play priority.,0.0,1.5384615384615383,0.0,4.0,2026-06-22
ACC-00242,Scale,Retail,8,1462.88,198,0.001,Low,Low NPS/survey response (4/10),Personally follow up on their survey feedback; treat as a save-play priority.,0.0,1.2094653812445222,0.0,4.0,2026-06-26
ACC-00445,Starter,EdTech,7,408.62,191,0.001,Low,Low NPS/survey response (4/10),Personally follow up on their survey feedback; treat as a save-play priority.,0.0,1.088992974238876,0.2499999375000156,4.0,2026-06-24
ACC-00182,Scale,EdTech,16,3390.92,156,0.001,Low,No single dominant signal — risk driven by a broad combination of factors,Review full usage trend in the dashboard before deciding on outreach.,0.0,0.9433962264150944,0.0,8.0,2026-06-27
ACC-00313,Starter,Healthcare,8,782.84,184,0.001,Low,Low NPS/survey response (5/10),Personally follow up on their survey feedback; treat as a save-play priority.,0.0,0.6408544726301735,0.0,5.0,2026-06-23
ACC-00478,Enterprise,EdTech,28,7339.59,142,0.001,Low,Low NPS/survey response (4/10),Personally follow up on their survey feedback; treat as a save-play priority.,0.0,1.0560123329907505,0.0,4.0,2026-06-26
ACC-01165,Starter,Retail,3,178.43,226,0.001,Low,No single dominant signal — risk driven by a broad combination of factors,Review full usage trend in the dashboard before deciding on outreach.,2.0,0.6696428571428572,0.0,9.0,2026-06-28
ACC-00085,Scale,Logistics,10,2514.83,135,0.001,Low,Low NPS/survey response (1/10),Personally follow up on their survey feedback; treat as a save-play priority.,0.0,1.757142857142857,0.0,1.0,2026-06-28
ACC-01004,Starter,Manufacturing,9,880.1,114,0.001,Low,Low NPS/survey response (4/10),Personally follow up on their survey feedback; treat as a save-play priority.,0.0,1.0827067669172932,0.499999750000125,4.0,2026-06-27
ACC-00987,Starter,Retail,4,417.88,198,0.001,Low,Low NPS/survey response (6/10),Personally follow up on their survey feedback; treat as a save-play priority.,0.0,0.9243697478991596,0.0,6.0,2026-06-24
ACC-00625,Starter,Logistics,2,92.89,107,0.001,Low,Low NPS/survey response (3/10),Personally follow up on their survey feedback; treat as a save-play priority.,0.0,1.7410714285714286,0.499999750000125,3.0,2026-06-23
ACC-00109,Enterprise,Healthcare,50,12740.56,226,0.001,Low,No single dominant signal — risk driven by a broad combination of factors,Review full usage trend in the dashboard before deciding on outreach.,0.0,0.9890109890109892,0.0,8.0,2026-06-24
ACC-00294,Enterprise,EdTech,18,3942.52,198,0.001,Low,Low NPS/survey response (6/10),Personally follow up on their survey feedback; treat as a save-play priority.,0.0,1.0973084886128364,0.199999960000008,6.0,2026-06-23
ACC-00327,Starter,Professional Services,14,978.81,212,0.001,Low,No single dominant signal — risk driven by a broad combination of factors,Review full usage trend in the dashboard before deciding on outreach.,0.0,0.8251996450754215,0.0,7.0,2026-06-23
ACC-00297,Starter,Manufacturing,1,67.8,135,0.001,Low,No single dominant signal — risk driven by a broad combination of factors,Review full usage trend in the dashboard before deciding on outreach.,0.0,1.0714285714285714,0.0,9.0,2026-06-24
ACC-00813,Starter,FinTech,5,175.27,58,0.001,Low,No single dominant signal — risk driven by a broad combination of factors,Review full usage trend in the dashboard before deciding on outreach.,1.0,0.7714285714285715,0.0,,2026-06-28
ACC-01138,Scale,Professional Services,63,7967.95,212,0.001,Low,No single dominant signal — risk driven by a broad combination of factors,Review full usage trend in the dashboard before deciding on outreach.,0.0,1.134969325153374,0.499999750000125,10.0,2026-06-25
ACC-01063,Starter,Retail,4,225.16,163,0.001,Low,No single dominant signal — risk driven by a broad combination of factors,Review full usage trend in the dashboard before deciding on outreach.,0.0,1.25,0.0,8.0,2026-06-27
ACC-00626,Growth,Media,12,1512.94,198,0.001,Low,No single dominant signal — risk driven by a broad combination of factors,Review full usage trend in the dashboard before deciding on outreach.,0.0,0.9105180533751964,0.0,9.0,2026-06-23
ACC-00668,Growth,FinTech,1,134.72,114,0.001,Low,No single dominant signal — risk driven by a broad combination of factors,Review full usage trend in the dashboard before deciding on outreach.,4.0,1.25,0.999999000001,10.0,2026-06-28
ACC-00149,Growth,Media,8,728.58,163,0.001,Low,No single dominant signal — risk driven by a broad combination of factors,Review full usage trend in the dashboard before deciding on outreach.,0.0,1.094224924012158,0.0,,2026-06-27
ACC-00476,Scale,Logistics,14,2879.5,149,0.001,Low,Low NPS/survey response (3/10),Personally follow up on their survey feedback; treat as a save-play priority.,0.0,1.2017374517374515,0.0,3.0,2026-06-28
ACC-00493,Scale,Retail,10,1072.04,163,0.001,Low,Low NPS/survey response (3/10),Personally follow up on their survey feedback; treat as a save-play priority.,0.0,1.0275689223057642,0.0,3.0,2026-06-25
ACC-00633,Starter,Media,9,798.01,51,0.001,Low,No single dominant signal — risk driven by a broad combination of factors,Review full usage trend in the dashboard before deciding on outreach.,0.0,0.949529512403764,0.0,9.0,2026-06-23
ACC-00295,Scale,Retail,5,904.65,142,0.001,Low,No single dominant signal — risk driven by a broad combination of factors,Review full usage trend in the dashboard before deciding on outreach.,0.0,0.992063492063492,0.0,9.0,2026-06-27
ACC-00269,Enterprise,Healthcare,12,2716.93,205,0.001,Low,No single dominant signal — risk driven by a broad combination of factors,Review full usage trend in the dashboard before deciding on outreach.,0.0,1.1180124223602486,0.0,8.0,2026-06-24
ACC-00496,Growth,Retail,11,1245.85,177,0.001,Low,Low NPS/survey response (3/10),Personally follow up on their survey feedback; treat as a save-play priority.,0.0,1.378225298930145,0.0,3.0,2026-06-28
ACC-00939,Starter,EdTech,2,235.61,226,0.001,Low,Low NPS/survey response (2/10),Personally follow up on their survey feedback; treat as a save-play priority.,0.0,0.8571428571428571,0.0,2.0,2026-06-22
ACC-00343,Enterprise,Retail,6,1728.9,212,0.001,Low,No single dominant signal — risk driven by a broad combination of factors,Review full usage trend in the dashboard before deciding on outreach.,0.0,0.7714285714285715,0.0,10.0,2026-06-25
ACC-00901,Scale,Professional Services,11,1628.48,170,0.001,Low,No single dominant signal — risk driven by a broad combination of factors,Review full usage trend in the dashboard before deciding on outreach.,0.0,0.8912768647281922,0.0,10.0,2026-06-23
ACC-00805,Starter,Manufacturing,1,69.62,121,0.001,Low,No single dominant signal — risk driven by a broad combination of factors,Review full usage trend in the dashboard before deciding on outreach.,2.0,0.6428571428571429,0.0,,2026-06-28
ACC-00937,Starter,Healthcare,3,333.79,177,0.001,Low,No single dominant signal — risk driven by a broad combination of factors,Review full usage trend in the dashboard before deciding on outreach.,0.0,0.9821428571428572,0.0,10.0,2026-06-22
ACC-00286,Scale,Media,11,1135.0,114,0.001,Low,Low NPS/survey response (4/10),Personally follow up on their survey feedback; treat as a save-play priority.,0.0,1.1764705882352942,0.0,4.0,2026-06-28
ACC-00880,Scale,Manufacturing,7,716.15,184,0.001,Low,No single dominant signal — risk driven by a broad combination of factors,Review full usage trend in the dashboard before deciding on outreach.,0.0,1.1408016443987663,0.2499999375000156,9.0,2026-06-28
ACC-00050,Starter,Retail,4,157.26,121,0.001,Low,Low NPS/survey response (4/10),Personally follow up on their survey feedback; treat as a save-play priority.,1.0,0.7142857142857143,0.0,4.0,2026-06-27
ACC-01014,Scale,FinTech,13,1753.07,177,0.001,Low,No single dominant signal — risk driven by a broad combination of factors,Review full usage trend in the dashboard before deciding on outreach.,0.0,0.9375,0.0,9.0,2026-06-25
ACC-00348,Growth,EdTech,9,1172.84,135,0.001,Low,No single dominant signal — risk driven by a broad combination of factors,Review full usage trend in the dashboard before deciding on outreach.,0.0,1.1925465838509317,0.0,10.0,2026-06-24
ACC-00086,Starter,Retail,3,266.23,212,0.001,Low,Low NPS/survey response (4/10),Personally follow up on their survey feedback; treat as a save-play priority.,0.0,1.031746031746032,0.0,4.0,2026-06-26
ACC-00782,Scale,Manufacturing,13,2540.56,128,0.001,Low,Low NPS/survey response (1/10),Personally follow up on their survey feedback; treat as a save-play priority.,1.0,1.056751467710372,0.0,1.0,2026-06-28
ACC-01064,Starter,Retail,3,220.01,156,0.001,Low,No single dominant signal — risk driven by a broad combination of factors,Review full usage trend in the dashboard before deciding on outreach.,0.0,1.051212938005391,0.0,9.0,2026-06-25
ACC-01013,Growth,EdTech,4,236.92,135,0.001,Low,No single dominant signal — risk driven by a broad combination of factors,Review full usage trend in the dashboard before deciding on outreach.,0.0,1.098901098901099,0.499999750000125,10.0,2026-06-24
ACC-01056,Starter,Media,1,74.71,184,0.001,Low,No single dominant signal — risk driven by a broad combination of factors,Review full usage trend in the dashboard before deciding on outreach.,3.0,0.9183673469387754,0.0,7.0,2026-06-26
ACC-01174,Starter,Manufacturing,2,122.17,163,0.001,Low,No single dominant signal — risk driven by a broad combination of factors,Review full usage trend in the dashboard before deciding on outreach.,0.0,0.9523809523809524,0.499999750000125,7.0,2026-06-23
ACC-00651,Growth,Manufacturing,6,359.86,163,0.001,Low,Low NPS/survey response (4/10),Personally follow up on their survey feedback; treat as a save-play priority.,0.0,0.9586466165413532,0.0,4.0,2026-06-26
ACC-00700,Starter,Healthcare,5,416.55,177,0.001,Low,Low NPS/survey response (4/10),Personally follow up on their survey feedback; treat as a save-play priority.,0.0,0.8571428571428572,0.0,4.0,2026-06-26
ACC-00030,Growth,Professional Services,1,176.57,93,0.001,Low,Very narrow feature adoption (avg 2.0 features/day),Offer a tailored onboarding refresh or feature-adoption session.,3.0,1.4285714285714284,0.499999750000125,9.0,2026-06-25
ACC-00334,Growth,Healthcare,5,680.38,226,0.001,Low,No single dominant signal — risk driven by a broad combination of factors,Review full usage trend in the dashboard before deciding on outreach.,1.0,1.458966565349544,0.499999750000125,10.0,2026-06-28
ACC-01156,Enterprise,FinTech,14,1997.65,226,0.001,Low,Low NPS/survey response (4/10),Personally follow up on their survey feedback; treat as a save-play priority.,0.0,1.0614152202937248,0.999999000001,4.0,2026-06-27
ACC-00988,Growth,Media,16,2880.26,219,0.001,Low,No single dominant signal — risk driven by a broad combination of factors,Review full usage trend in the dashboard before deciding on outreach.,0.0,0.9357454772301934,0.0,9.0,2026-06-25
ACC-00121,Starter,Media,1,74.02,212,0.001,Low,Low NPS/survey response (6/10),Personally follow up on their survey feedback; treat as a save-play priority.,0.0,0.8866995073891625,0.0,6.0,2026-06-22
ACC-00495,Growth,FinTech,4,302.44,184,0.001,Low,No single dominant signal — risk driven by a broad combination of factors,Review full usage trend in the dashboard before deciding on outreach.,0.0,0.935960591133005,0.999999000001,10.0,2026-06-23
ACC-01066,Growth,FinTech,5,885.53,142,0.001,Low,No single dominant signal — risk driven by a broad combination of factors,Review full usage trend in the dashboard before deciding on outreach.,0.0,0.9473684210526316,0.0,,2026-06-27
ACC-00201,Growth,Healthcare,27,4815.58,191,0.001,Low,No single dominant signal — risk driven by a broad combination of factors,Review full usage trend in the dashboard before deciding on outreach.,0.0,1.095505617977528,0.0,9.0,2026-06-27
ACC-00989,Growth,Media,16,1666.53,51,0.001,Low,Low NPS/survey response (3/10),Personally follow up on their survey feedback; treat as a save-play priority.,0.0,1.1447184737087015,0.0,3.0,2026-06-24
ACC-00491,Growth,FinTech,1,114.8,142,0.001,Low,No single dominant signal — risk driven by a broad combination of factors,Review full usage trend in the dashboard before deciding on outreach.,2.0,0.7563025210084033,0.2499999375000156,9.0,2026-06-27
ACC-01071,Growth,EdTech,3,150.98,205,0.001,Low,No single dominant signal — risk driven by a broad combination of factors,Review full usage trend in the dashboard before deciding on outreach.,0.0,1.1513859275053306,0.999999000001,7.0,2026-06-23
ACC-00517,Growth,Logistics,6,813.19,191,0.001,Low,No single dominant signal — risk driven by a broad combination of factors,Review full usage trend in the dashboard before deciding on outreach.,0.0,1.0424710424710424,0.0,7.0,2026-06-26
ACC-00790,Scale,Retail,5,964.65,121,0.001,Low,Low NPS/survey response (3/10),Personally follow up on their survey feedback; treat as a save-play priority.,0.0,1.5789473684210529,0.0,3.0,2026-06-23
ACC-00237,Growth,EdTech,37,3390.67,135,0.001,Low,No single dominant signal — risk driven by a broad combination of factors,Review full usage trend in the dashboard before deciding on outreach.,0.0,1.1048411048411049,0.0,8.0,2026-06-27
ACC-00910,Growth,Logistics,8,1271.04,184,0.001,Low,No single dominant signal — risk driven by a broad combination of factors,Review full usage trend in the dashboard before deciding on outreach.,0.0,1.099476439790576,0.0,10.0,2026-06-22
ACC-00931,Scale,Logistics,1,199.07,128,0.001,Low,Low NPS/survey response (6/10),Personally follow up on their survey feedback; treat as a save-play priority.,4.0,1.0714285714285714,0.0,6.0,2026-06-22
ACC-00646,Growth,Manufacturing,1,74.9,107,0.001,Low,Low NPS/survey response (1/10),Personally follow up on their survey feedback; treat as a save-play priority.,0.0,0.7142857142857142,0.0,1.0,2026-06-24
ACC-00505,Growth,Media,29,1646.47,212,0.001,Low,Low NPS/survey response (4/10),Personally follow up on their survey feedback; treat as a save-play priority.,0.0,1.0480349344978166,0.0,4.0,2026-06-26
ACC-00709,Scale,EdTech,9,1274.75,128,0.001,Low,Low NPS/survey response (3/10),Personally follow up on their survey feedback; treat as a save-play priority.,1.0,1.2698412698412698,0.0,3.0,2026-06-28
ACC-00104,Growth,Professional Services,4,344.19,37,0.001,Low,Low NPS/survey response (6/10),Personally follow up on their survey feedback; treat as a save-play priority.,0.0,1.2605042016806722,0.0,6.0,2026-06-24
ACC-00536,Enterprise,Manufacturing,19,6463.05,170,0.001,Low,No single dominant signal — risk driven by a broad combination of factors,Review full usage trend in the dashboard before deciding on outreach.,0.0,1.1648351648351647,0.0,10.0,2026-06-28
ACC-00737,Growth,EdTech,9,1240.22,163,0.001,Low,Low NPS/survey response (2/10),Personally follow up on their survey feedback; treat as a save-play priority.,0.0,0.920245398773006,0.0,2.0,2026-06-25
ACC-01190,Growth,FinTech,15,1450.98,212,0.001,Low,No single dominant signal — risk driven by a broad combination of factors,Review full usage trend in the dashboard before deciding on outreach.,0.0,0.7327905255366395,0.0,10.0,2026-06-24
ACC-00321,Growth,EdTech,3,144.55,114,0.001,Low,Low NPS/survey response (5/10),Personally follow up on their survey feedback; treat as a save-play priority.,0.0,0.9642857142857144,0.0,5.0,2026-06-22
ACC-00040,Growth,Healthcare,9,753.85,121,0.001,Low,No single dominant signal — risk driven by a broad combination of factors,Review full usage trend in the dashboard before deciding on outreach.,0.0,1.090909090909091,0.0,10.0,2026-06-26
ACC-01134,Starter,Manufacturing,1,107.87,51,0.001,Low,No single dominant signal — risk driven by a broad combination of factors,Review full usage trend in the dashboard before deciding on outreach.,2.0,1.2244897959183672,0.999999000001,10.0,2026-06-24
ACC-00749,Enterprise,Professional Services,20,2972.37,191,0.001,Low,No single dominant signal — risk driven by a broad combination of factors,Review full usage trend in the dashboard before deciding on outreach.,0.0,0.9551020408163264,0.6666664444445185,7.0,2026-06-27
ACC-00570,Growth,Retail,10,591.16,191,0.001,Low,Low NPS/survey response (5/10),Personally follow up on their survey feedback; treat as a save-play priority.,0.0,0.9661436829066886,0.999999000001,5.0,2026-06-24
ACC-00032,Growth,Manufacturing,7,1257.8,205,0.001,Low,No single dominant signal — risk driven by a broad combination of factors,Review full usage trend in the dashboard before deciding on outreach.,0.0,1.267605633802817,0.0,10.0,2026-06-28
ACC-00266,Growth,Media,10,1037.44,198,0.001,Low,Low NPS/survey response (3/10),Personally follow up on their survey feedback; treat as a save-play priority.,0.0,1.207576953433307,0.6666664444445185,3.0,2026-06-28
ACC-00843,Starter,Professional Services,3,225.46,163,0.001,Low,Low NPS/survey response (6/10),Personally follow up on their survey feedback; treat as a save-play priority.,0.0,0.8823529411764706,0.0,6.0,2026-06-22
ACC-00803,Scale,Logistics,4,610.59,128,0.001,Low,No single dominant signal — risk driven by a broad combination of factors,Review full usage trend in the dashboard before deciding on outreach.,0.0,1.2605042016806722,0.0,10.0,2026-06-23
ACC-00208,Enterprise,Manufacturing,11,4973.1,198,0.001,Low,No single dominant signal — risk driven by a broad combination of factors,Review full usage trend in the dashboard before deciding on outreach.,0.0,1.2707641196013288,0.0,10.0,2026-06-26
ACC-00430,Growth,Media,7,1199.97,142,0.001,Low,No single dominant signal — risk driven by a broad combination of factors,Review full usage trend in the dashboard before deciding on outreach.,0.0,1.1568799298860648,0.499999750000125,10.0,2026-06-28
ACC-00514,Growth,Professional Services,1,107.43,212,0.001,Low,Login frequency down 46% vs their own 30-day average | Low NPS/survey response (3/10),Check in with an async usage summary or a light-touch 'how's it going' email.,4.0,0.5357142857142857,0.0,3.0,2026-06-28
ACC-00102,Starter,Manufacturing,3,179.31,198,0.001,Low,Low NPS/survey response (0/10),Personally follow up on their survey feedback; treat as a save-play priority.,0.0,1.0714285714285716,0.999999000001,0.0,2026-06-25
ACC-00007,Starter,Professional Services,11,409.26,128,0.001,Low,Low NPS/survey response (4/10),Personally follow up on their survey feedback; treat as a save-play priority.,0.0,1.4285714285714286,0.3333332222222592,4.0,2026-06-27
ACC-00168,Scale,EdTech,18,4130.38,219,0.001,Low,No single dominant signal — risk driven by a broad combination of factors,Review full usage trend in the dashboard before deciding on outreach.,0.0,0.974025974025974,0.0,7.0,2026-06-28
ACC-00649,Growth,Professional Services,3,413.8,233,0.001,Low,Low NPS/survey response (2/10),Personally follow up on their survey feedback; treat as a save-play priority.,0.0,0.8294930875576035,0.0,2.0,2026-06-24
ACC-00669,Starter,FinTech,2,184.58,191,0.001,Low,No single dominant signal — risk driven by a broad combination of factors,Review full usage trend in the dashboard before deciding on outreach.,2.0,0.8823529411764706,0.0,10.0,2026-06-28
ACC-01103,Enterprise,Logistics,13,3697.41,212,0.001,Low,Low NPS/survey response (2/10),Personally follow up on their survey feedback; treat as a save-play priority.,1.0,1.064039408866995,0.3333332222222592,2.0,2026-06-28
ACC-00025,Starter,EdTech,3,316.65,226,0.001,Low,No single dominant signal — risk driven by a broad combination of factors,Review full usage trend in the dashboard before deciding on outreach.,1.0,1.1688311688311688,0.0,10.0,2026-06-28
ACC-00553,Starter,Retail,1,68.11,121,0.001,Low,Low NPS/survey response (4/10),Personally follow up on their survey feedback; treat as a save-play priority.,1.0,0.7453416149068323,0.0,4.0,2026-06-23
ACC-00534,Starter,Professional Services,4,296.14,156,0.001,Low,Low NPS/survey response (2/10),Personally follow up on their survey feedback; treat as a save-play priority.,0.0,0.9473684210526316,0.0,2.0,2026-06-26
ACC-01085,Starter,Logistics,14,1030.02,226,0.001,Low,No single dominant signal — risk driven by a broad combination of factors,Review full usage trend in the dashboard before deciding on outreach.,0.0,0.9952606635071092,0.0,9.0,2026-06-22
ACC-00056,Enterprise,Media,17,2575.3,170,0.001,Low,Low NPS/survey response (5/10),Personally follow up on their survey feedback; treat as a save-play priority.,0.0,1.4095870906502137,0.3333332222222592,5.0,2026-06-25
ACC-01151,Enterprise,EdTech,8,2578.94,212,0.001,Low,Low NPS/survey response (6/10),Personally follow up on their survey feedback; treat as a save-play priority.,0.0,1.2310030395136775,0.0,6.0,2026-06-23
ACC-00432,Scale,Professional Services,7,1360.4,233,0.001,Low,Low NPS/survey response (0/10),Personally follow up on their survey feedback; treat as a save-play priority.,0.0,1.440281030444965,0.3333332222222592,0.0,2026-06-27
ACC-00064,Starter,FinTech,4,138.43,121,0.001,Low,No single dominant signal — risk driven by a broad combination of factors,Review full usage trend in the dashboard before deciding on outreach.,0.0,0.9642857142857144,0.0,8.0,2026-06-22
ACC-00142,Scale,EdTech,9,2546.92,128,0.001,Low,No single dominant signal — risk driven by a broad combination of factors,Review full usage trend in the dashboard before deciding on outreach.,0.0,1.033740129217516,0.0,,2026-06-23
ACC-00888,Enterprise,Retail,14,5309.53,219,0.001,Low,No single dominant signal — risk driven by a broad combination of factors,Review full usage trend in the dashboard before deciding on outreach.,0.0,1.030741410488246,0.0,10.0,2026-06-25
ACC-00708,Starter,Logistics,3,109.71,44,0.001,Low,No single dominant signal — risk driven by a broad combination of factors,Review full usage trend in the dashboard before deciding on outreach.,0.0,1.0714285714285714,0.0,7.0,2026-06-27
ACC-00561,Growth,FinTech,11,1731.28,156,0.001,Low,No single dominant signal — risk driven by a broad combination of factors,Review full usage trend in the dashboard before deciding on outreach.,0.0,1.3941480206540449,0.0,8.0,2026-06-22
ACC-00747,Starter,Manufacturing,1,55.77,198,0.001,Low,No single dominant signal — risk driven by a broad combination of factors,Review full usage trend in the dashboard before deciding on outreach.,0.0,0.9523809523809524,0.999999000001,10.0,2026-06-25
ACC-00259,Growth,EdTech,6,954.7,191,0.001,Low,Low NPS/survey response (6/10),Personally follow up on their survey feedback; treat as a save-play priority.,0.0,1.1741682974559688,0.3333332222222592,6.0,2026-06-23
ACC-01007,Growth,Logistics,12,2095.57,142,0.001,Low,Low NPS/survey response (3/10),Personally follow up on their survey feedback; treat as a save-play priority.,0.0,1.177753544165758,0.0,3.0,2026-06-25
ACC-00160,Scale,Logistics,10,2779.76,205,0.001,Low,Low NPS/survey response (6/10),Personally follow up on their survey feedback; treat as a save-play priority.,0.0,0.8333333333333334,0.0,6.0,2026-06-25
ACC-00641,Growth,Professional Services,8,621.62,156,0.001,Low,Low NPS/survey response (4/10),Personally follow up on their survey feedback; treat as a save-play priority.,0.0,0.8534322820037106,0.0,4.0,2026-06-22
ACC-00838,Starter,Manufacturing,3,235.58,198,0.001,Low,No single dominant signal — risk driven by a broad combination of factors,Review full usage trend in the dashboard before deciding on outreach.,0.0,1.4610389610389611,0.499999750000125,9.0,2026-06-24
ACC-00535,Growth,Manufacturing,12,2103.29,177,0.001,Low,Low NPS/survey response (2/10),Personally follow up on their survey feedback; treat as a save-play priority.,0.0,0.9691313711414212,0.0,2.0,2026-06-25
ACC-00948,Starter,Professional Services,2,128.4,51,0.001,Low,Low NPS/survey response (5/10),Personally follow up on their survey feedback; treat as a save-play priority.,0.0,1.4285714285714286,0.0,5.0,2026-06-22
ACC-00241,Starter,Logistics,1,44.19,233,0.001,Low,Login frequency down 44% vs their own 30-day average | Low NPS/survey response (4/10),Check in with an async usage summary or a light-touch 'how's it going' email.,1.0,0.5590062111801242,0.0,4.0,2026-06-23
ACC-00222,Scale,Logistics,3,620.27,191,0.001,Low,No single dominant signal — risk driven by a broad combination of factors,Review full usage trend in the dashboard before deciding on outreach.,0.0,1.1278195488721805,0.0,9.0,2026-06-26
ACC-00672,Growth,Retail,3,364.02,191,0.001,Low,No single dominant signal — risk driven by a broad combination of factors,Review full usage trend in the dashboard before deciding on outreach.,0.0,0.7417582417582418,0.0,10.0,2026-06-26
ACC-00331,Scale,Retail,20,5041.92,170,0.001,Low,No single dominant signal — risk driven by a broad combination of factors,Review full usage trend in the dashboard before deciding on outreach.,0.0,1.1221647433346598,0.0,10.0,2026-06-27
ACC-00565,Growth,Professional Services,10,1568.52,198,0.001,Low,No single dominant signal — risk driven by a broad combination of factors,Review full usage trend in the dashboard before deciding on outreach.,0.0,1.203852327447833,0.0,10.0,2026-06-24
ACC-00585,Starter,Professional Services,2,216.53,198,0.001,Low,Low NPS/survey response (4/10),Personally follow up on their survey feedback; treat as a save-play priority.,1.0,0.9795918367346936,0.499999750000125,4.0,2026-06-27
ACC-00537,Scale,Healthcare,7,1288.46,198,0.001,Low,No single dominant signal — risk driven by a broad combination of factors,Review full usage trend in the dashboard before deciding on outreach.,0.0,0.7919254658385092,0.0,8.0,2026-06-26
ACC-00275,Starter,Professional Services,3,107.81,30,0.001,Low,No single dominant signal — risk driven by a broad combination of factors,Review full usage trend in the dashboard before deciding on outreach.,0.0,0.8705357142857143,0.999999000001,,2026-06-23
ACC-00923,Scale,Professional Services,14,2642.15,51,0.001,Low,No single dominant signal — risk driven by a broad combination of factors,Review full usage trend in the dashboard before deciding on outreach.,0.0,1.2098427887901573,0.0,,2026-06-27
ACC-00412,Starter,FinTech,3,142.35,198,0.001,Low,No single dominant signal — risk driven by a broad combination of factors,Review full usage trend in the dashboard before deciding on outreach.,2.0,1.098901098901099,0.0,9.0,2026-06-28
ACC-01089,Starter,Logistics,2,215.6,212,0.001,Low,Low NPS/survey response (3/10),Personally follow up on their survey feedback; treat as a save-play priority.,1.0,1.098901098901099,0.0,3.0,2026-06-27
ACC-00176,Growth,Retail,12,1521.29,163,0.001,Low,No single dominant signal — risk driven by a broad combination of factors,Review full usage trend in the dashboard before deciding on outreach.,0.0,1.3392857142857144,0.3333332222222592,10.0,2026-06-23
ACC-01043,Growth,Professional Services,2,114.03,149,0.001,Low,Low NPS/survey response (3/10),Personally follow up on their survey feedback; treat as a save-play priority.,0.0,0.8571428571428571,0.0,3.0,2026-06-26
ACC-00107,Starter,Manufacturing,1,82.42,128,0.001,Low,Login frequency down 42% vs their own 30-day average,Check in with an async usage summary or a light-touch 'how's it going' email.,0.0,0.5844155844155844,0.0,9.0,2026-06-24
ACC-00464,Starter,Media,2,63.21,205,0.001,Low,Low NPS/survey response (2/10),Personally follow up on their survey feedback; treat as a save-play priority.,0.0,1.3392857142857144,0.0,2.0,2026-06-26
ACC-00147,Growth,Retail,5,475.22,212,0.001,Low,Low NPS/survey response (4/10),Personally follow up on their survey feedback; treat as a save-play priority.,0.0,1.0814419225634178,0.0,4.0,2026-06-24
ACC-01017,Growth,FinTech,2,127.85,121,0.001,Low,No single dominant signal — risk driven by a broad combination of factors,Review full usage trend in the dashboard before deciding on outreach.,0.0,1.2244897959183674,0.0,8.0,2026-06-24
ACC-00997,Growth,EdTech,13,2476.28,226,0.001,Low,No single dominant signal — risk driven by a broad combination of factors,Review full usage trend in the dashboard before deciding on outreach.,0.0,0.9786276715410576,0.999999000001,10.0,2026-06-22
ACC-01078,Starter,Manufacturing,5,171.4,198,0.001,Low,Low NPS/survey response (3/10),Personally follow up on their survey feedback; treat as a save-play priority.,0.0,0.9642857142857144,0.0,3.0,2026-06-25
ACC-00482,Scale,Professional Services,9,2326.06,170,0.001,Low,Low NPS/survey response (4/10),Personally follow up on their survey feedback; treat as a save-play priority.,0.0,1.0770381451009725,0.0,4.0,2026-06-25
ACC-00644,Starter,Professional Services,7,720.71,163,0.001,Low,Low NPS/survey response (3/10),Personally follow up on their survey feedback; treat as a save-play priority.,0.0,0.9054325955734406,0.0,3.0,2026-06-23
ACC-00458,Scale,Healthcare,10,1788.61,128,0.001,Low,No single dominant signal — risk driven by a broad combination of factors,Review full usage trend in the dashboard before deciding on outreach.,0.0,1.2511091393078972,0.0,8.0,2026-06-22
ACC-00914,Starter,FinTech,2,188.08,184,0.001,Low,No single dominant signal — risk driven by a broad combination of factors,Review full usage trend in the dashboard before deciding on outreach.,0.0,1.1278195488721805,0.0,10.0,2026-06-22
ACC-00513,Starter,Manufacturing,3,257.2,233,0.001,Low,Low NPS/survey response (1/10),Personally follow up on their survey feedback; treat as a save-play priority.,0.0,1.2467532467532467,0.0,1.0,2026-06-25
ACC-00900,Starter,Professional Services,3,150.84,205,0.001,Low,No single dominant signal — risk driven by a broad combination of factors,Review full usage trend in the dashboard before deciding on outreach.,0.0,1.0714285714285714,0.0,8.0,2026-06-22
ACC-00062,Starter,EdTech,1,100.37,156,0.001,Low,No single dominant signal — risk driven by a broad combination of factors,Review full usage trend in the dashboard before deciding on outreach.,0.0,1.3186813186813189,0.999999000001,9.0,2026-06-26
ACC-01114,Scale,EdTech,9,1080.74,156,0.001,Low,No single dominant signal — risk driven by a broad combination of factors,Review full usage trend in the dashboard before deciding on outreach.,0.0,1.2129380053908356,0.0,10.0,2026-06-23
ACC-00706,Growth,Manufacturing,5,651.08,233,0.001,Low,No single dominant signal — risk driven by a broad combination of factors,Review full usage trend in the dashboard before deciding on outreach.,0.0,0.8490566037735849,0.0,10.0,2026-06-24
ACC-00111,Scale,Professional Services,3,412.79,135,0.001,Low,No single dominant signal — risk driven by a broad combination of factors,Review full usage trend in the dashboard before deciding on outreach.,0.0,1.1020408163265307,0.999999000001,7.0,2026-06-26
ACC-00053,Starter,Retail,5,228.96,198,0.001,Low,Low NPS/survey response (6/10),Personally follow up on their survey feedback; treat as a save-play priority.,1.0,0.8490566037735849,0.0,6.0,2026-06-23
ACC-00177,Starter,Retail,3,181.73,205,0.001,Low,No single dominant signal — risk driven by a broad combination of factors,Review full usage trend in the dashboard before deciding on outreach.,0.0,1.0018552875695732,0.999999000001,8.0,2026-06-27
ACC-01072,Starter,Retail,3,92.06,205,0.001,Low,Low NPS/survey response (6/10),Personally follow up on their survey feedback; treat as a save-play priority.,0.0,1.3975155279503104,0.999999000001,6.0,2026-06-22
ACC-00670,Growth,Logistics,3,224.61,177,0.001,Low,Low NPS/survey response (3/10),Personally follow up on their survey feedback; treat as a save-play priority.,1.0,1.3975155279503104,0.499999750000125,3.0,2026-06-27
ACC-00148,Starter,Healthcare,2,178.75,44,0.001,Low,Low NPS/survey response (6/10),Personally follow up on their survey feedback; treat as a save-play priority.,0.0,1.2244897959183674,0.0,6.0,2026-06-27
ACC-00638,Scale,Manufacturing,4,794.58,184,0.001,Low,Low NPS/survey response (3/10),Personally follow up on their survey feedback; treat as a save-play priority.,0.0,1.3775510204081634,0.0,3.0,2026-06-25
ACC-00488,Starter,Healthcare,1,43.48,44,0.001,Low,Login frequency down 44% vs their own 30-day average,Check in with an async usage summary or a light-touch 'how's it going' email.,3.0,0.5590062111801242,0.0,10.0,2026-06-26
ACC-00909,Starter,Healthcare,3,178.11,149,0.001,Low,No single dominant signal — risk driven by a broad combination of factors,Review full usage trend in the dashboard before deciding on outreach.,2.0,1.1904761904761905,0.0,,2026-06-28
ACC-00660,Starter,Healthcare,3,166.85,198,0.001,Low,No single dominant signal — risk driven by a broad combination of factors,Review full usage trend in the dashboard before deciding on outreach.,0.0,0.812807881773399,0.0,,2026-06-22
ACC-00494,Growth,Manufacturing,8,1158.97,226,0.001,Low,No single dominant signal — risk driven by a broad combination of factors,Review full usage trend in the dashboard before deciding on outreach.,0.0,0.8397683397683398,0.0,7.0,2026-06-24
ACC-00862,Starter,FinTech,1,73.75,163,0.001,Low,No single dominant signal — risk driven by a broad combination of factors,Review full usage trend in the dashboard before deciding on outreach.,0.0,0.9523809523809524,0.0,7.0,2026-06-24
ACC-00721,Scale,Professional Services,7,815.75,219,0.001,Low,No single dominant signal — risk driven by a broad combination of factors,Review full usage trend in the dashboard before deciding on outreach.,0.0,0.9523809523809524,0.499999750000125,7.0,2026-06-24
ACC-00885,Enterprise,Retail,12,2857.29,156,0.001,Low,No single dominant signal — risk driven by a broad combination of factors,Review full usage trend in the dashboard before deciding on outreach.,0.0,1.132787916928886,0.0,10.0,2026-06-26
ACC-00306,Growth,Healthcare,16,1597.57,205,0.001,Low,No single dominant signal — risk driven by a broad combination of factors,Review full usage trend in the dashboard before deciding on outreach.,1.0,1.161290322580645,0.0,8.0,2026-06-27
ACC-00439,Growth,Logistics,7,479.37,198,0.001,Low,No single dominant signal — risk driven by a broad combination of factors,Review full usage trend in the dashboard before deciding on outreach.,0.0,1.0517090271691498,0.0,10.0,2026-06-24
ACC-00664,Starter,FinTech,3,105.6,177,0.001,Low,Low NPS/survey response (1/10),Personally follow up on their survey feedback; treat as a save-play priority.,1.0,0.9316770186335404,0.3333332222222592,1.0,2026-06-28
ACC-01176,Starter,FinTech,2,151.75,226,0.001,Low,No single dominant signal — risk driven by a broad combination of factors,Review full usage trend in the dashboard before deciding on outreach.,0.0,1.274131274131274,0.499999750000125,10.0,2026-06-25
ACC-00560,Growth,Retail,8,635.07,142,0.001,Low,Low NPS/survey response (1/10),Personally follow up on their survey feedback; treat as a save-play priority.,0.0,1.353383458646617,0.0,1.0,2026-06-25
ACC-00674,Growth,Professional Services,4,480.03,219,0.001,Low,Low NPS/survey response (6/10),Personally follow up on their survey feedback; treat as a save-play priority.,1.0,0.9574468085106383,0.0,6.0,2026-06-28
ACC-00483,Growth,FinTech,2,246.85,170,0.001,Low,Low NPS/survey response (4/10),Personally follow up on their survey feedback; treat as a save-play priority.,0.0,1.5476190476190477,0.0,4.0,2026-06-24
ACC-00665,Growth,Professional Services,7,719.89,205,0.001,Low,No single dominant signal — risk driven by a broad combination of factors,Review full usage trend in the dashboard before deciding on outreach.,0.0,0.8241758241758241,0.0,7.0,2026-06-27
ACC-00048,Starter,Media,9,1045.51,184,0.001,Low,No single dominant signal — risk driven by a broad combination of factors,Review full usage trend in the dashboard before deciding on outreach.,0.0,1.020408163265306,0.0,10.0,2026-06-24
ACC-01104,Enterprise,Logistics,14,6459.23,205,0.001,Low,No single dominant signal — risk driven by a broad combination of factors,Review full usage trend in the dashboard before deciding on outreach.,0.0,1.119960179193629,0.0,8.0,2026-06-28
ACC-00386,Enterprise,Manufacturing,34,4111.0,226,0.001,Low,No single dominant signal — risk driven by a broad combination of factors,Review full usage trend in the dashboard before deciding on outreach.,0.0,0.9329061439879384,0.0,10.0,2026-06-24
ACC-01191,Starter,Retail,6,688.4,205,0.001,Low,No single dominant signal — risk driven by a broad combination of factors,Review full usage trend in the dashboard before deciding on outreach.,0.0,0.7407407407407407,0.0,10.0,2026-06-23
ACC-01010,Starter,Manufacturing,1,80.93,128,0.001,Low,Low NPS/survey response (0/10),Personally follow up on their survey feedback; treat as a save-play priority.,0.0,1.6666666666666667,0.499999750000125,0.0,2026-06-26
ACC-00830,Growth,EdTech,1,53.3,156,0.001,Low,No single dominant signal — risk driven by a broad combination of factors,Review full usage trend in the dashboard before deciding on outreach.,0.0,0.6766917293233082,0.0,9.0,2026-06-28
ACC-00403,Starter,Professional Services,8,896.86,142,0.001,Low,No single dominant signal — risk driven by a broad combination of factors,Review full usage trend in the dashboard before deciding on outreach.,0.0,1.5816326530612246,0.0,8.0,2026-06-22
ACC-00409,Enterprise,FinTech,16,2096.52,198,0.001,Low,No single dominant signal — risk driven by a broad combination of factors,Review full usage trend in the dashboard before deciding on outreach.,0.0,0.9598918431726002,0.0,8.0,2026-06-22
ACC-00486,Starter,Manufacturing,1,46.62,44,0.001,Low,No single dominant signal — risk driven by a broad combination of factors,Review full usage trend in the dashboard before deciding on outreach.,1.0,0.9523809523809524,0.0,10.0,2026-06-22
ACC-00569,Starter,Healthcare,4,131.8,184,0.001,Low,No single dominant signal — risk driven by a broad combination of factors,Review full usage trend in the dashboard before deciding on outreach.,0.0,1.1564625850340136,0.0,8.0,2026-06-26
ACC-00221,Starter,Logistics,1,77.15,114,0.001,Low,No single dominant signal — risk driven by a broad combination of factors,Review full usage trend in the dashboard before deciding on outreach.,0.0,0.8571428571428571,0.0,10.0,2026-06-23
ACC-01125,Growth,FinTech,5,378.21,205,0.001,Low,No single dominant signal — risk driven by a broad combination of factors,Review full usage trend in the dashboard before deciding on outreach.,0.0,1.040816326530612,0.0,10.0,2026-06-27
ACC-00959,Starter,Professional Services,2,141.66,226,0.001,Low,No single dominant signal — risk driven by a broad combination of factors,Review full usage trend in the dashboard before deciding on outreach.,1.0,1.0424710424710426,0.0,7.0,2026-06-27
ACC-00326,Growth,FinTech,12,2281.1,184,0.001,Low,No single dominant signal — risk driven by a broad combination of factors,Review full usage trend in the dashboard before deciding on outreach.,0.0,1.1362126245847175,0.0,8.0,2026-06-27
ACC-00594,Starter,Professional Services,3,357.08,212,0.001,Low,Low NPS/survey response (5/10),Personally follow up on their survey feedback; treat as a save-play priority.,1.0,1.1180124223602483,0.0,5.0,2026-06-27
ACC-00161,Starter,Healthcare,3,291.11,121,0.001,Low,No single dominant signal — risk driven by a broad combination of factors,Review full usage trend in the dashboard before deciding on outreach.,1.0,1.0963455149501662,0.0,,2026-06-23
ACC-00586,Starter,Professional Services,1,87.87,30,0.001,Low,No single dominant signal — risk driven by a broad combination of factors,Review full usage trend in the dashboard before deciding on outreach.,0.0,1.5584415584415583,0.499999750000125,,2026-06-24
ACC-00416,Growth,Manufacturing,6,316.7,212,0.001,Low,Low NPS/survey response (6/10),Personally follow up on their survey feedback; treat as a save-play priority.,0.0,1.2053571428571428,0.0,6.0,2026-06-24
ACC-00904,Starter,Healthcare,1,99.62,170,0.001,Low,Low NPS/survey response (4/10),Personally follow up on their survey feedback; treat as a save-play priority.,0.0,0.9890109890109888,0.499999750000125,4.0,2026-06-25
ACC-00591,Scale,EdTech,12,2942.2,205,0.001,Low,Low NPS/survey response (4/10),Personally follow up on their survey feedback; treat as a save-play priority.,0.0,1.159250585480094,0.499999750000125,4.0,2026-06-25
ACC-00828,Starter,Professional Services,1,51.01,219,0.001,Low,No single dominant signal — risk driven by a broad combination of factors,Review full usage trend in the dashboard before deciding on outreach.,1.0,2.142857142857143,0.0,7.0,2026-06-24
ACC-01145,Growth,Media,11,656.52,212,0.001,Low,No single dominant signal — risk driven by a broad combination of factors,Review full usage trend in the dashboard before deciding on outreach.,0.0,1.381578947368421,0.0,,2026-06-22
ACC-00369,Enterprise,EdTech,12,1742.88,135,0.001,Low,Low NPS/survey response (4/10),Personally follow up on their survey feedback; treat as a save-play priority.,0.0,0.9700176366843032,0.0,4.0,2026-06-22
ACC-00026,Starter,Logistics,1,44.72,233,0.001,Low,Login frequency down 43% vs their own 30-day average | Low NPS/survey response (0/10),Check in with an async usage summary or a light-touch 'how's it going' email.,1.0,0.5714285714285714,0.0,0.0,2026-06-27
ACC-00077,Growth,FinTech,12,1762.22,233,0.001,Low,Low NPS/survey response (3/10),Personally follow up on their survey feedback; treat as a save-play priority.,0.0,1.033834586466165,0.0,3.0,2026-06-26
ACC-00663,Growth,Professional Services,3,431.24,219,0.001,Low,No single dominant signal — risk driven by a broad combination of factors,Review full usage trend in the dashboard before deciding on outreach.,1.0,0.9948979591836736,0.0,8.0,2026-06-27
ACC-00226,Enterprise,Professional Services,13,3917.42,233,0.001,Low,No single dominant signal — risk driven by a broad combination of factors,Review full usage trend in the dashboard before deciding on outreach.,0.0,1.2121212121212122,0.499999750000125,10.0,2026-06-26
ACC-00588,Scale,Healthcare,7,1577.17,233,0.001,Low,No single dominant signal — risk driven by a broad combination of factors,Review full usage trend in the dashboard before deciding on outreach.,0.0,1.252747252747253,0.499999750000125,10.0,2026-06-25
ACC-00267,Growth,Healthcare,16,803.17,233,0.001,Low,No single dominant signal — risk driven by a broad combination of factors,Review full usage trend in the dashboard before deciding on outreach.,0.0,1.1518915866741952,0.0,8.0,2026-06-23
ACC-00606,Growth,Manufacturing,9,532.75,198,0.001,Low,No single dominant signal — risk driven by a broad combination of factors,Review full usage trend in the dashboard before deciding on outreach.,0.0,1.327433628318584,0.0,9.0,2026-06-27
ACC-00377,Scale,Professional Services,12,2752.03,191,0.001,Low,Low NPS/survey response (1/10),Personally follow up on their survey feedback; treat as a save-play priority.,0.0,1.1688311688311688,0.0,1.0,2026-06-25
ACC-00284,Starter,Manufacturing,1,88.24,142,0.001,Low,Low NPS/survey response (6/10),Personally follow up on their survey feedback; treat as a save-play priority.,0.0,1.4285714285714286,0.0,6.0,2026-06-24
ACC-00614,Starter,Professional Services,2,156.5,142,0.001,Low,Low NPS/survey response (1/10),Personally follow up on their survey feedback; treat as a save-play priority.,0.0,1.2857142857142858,0.0,1.0,2026-06-26
ACC-00865,Scale,Healthcare,9,1234.29,233,0.001,Low,Low NPS/survey response (2/10),Personally follow up on their survey feedback; treat as a save-play priority.,0.0,1.2662337662337664,0.0,2.0,2026-06-27
ACC-00889,Growth,Healthcare,1,153.94,156,0.001,Low,Low NPS/survey response (1/10),Personally follow up on their survey feedback; treat as a save-play priority.,0.0,0.9316770186335404,0.0,1.0,2026-06-22
ACC-00292,Scale,Professional Services,10,1222.24,177,0.001,Low,No single dominant signal — risk driven by a broad combination of factors,Review full usage trend in the dashboard before deciding on outreach.,0.0,1.1988011988011988,0.0,8.0,2026-06-25
ACC-00750,Growth,Healthcare,1,54.25,58,0.001,Low,No single dominant signal — risk driven by a broad combination of factors,Review full usage trend in the dashboard before deciding on outreach.,2.0,1.3186813186813189,0.0,7.0,2026-06-26
ACC-01065,Growth,Retail,8,560.46,212,0.001,Low,No single dominant signal — risk driven by a broad combination of factors,Review full usage trend in the dashboard before deciding on outreach.,0.0,0.987012987012987,0.0,7.0,2026-06-23
ACC-00645,Starter,Healthcare,6,512.66,184,0.001,Low,No single dominant signal — risk driven by a broad combination of factors,Review full usage trend in the dashboard before deciding on outreach.,0.0,1.385606874328679,0.0,8.0,2026-06-24
ACC-00105,Starter,FinTech,1,59.8,226,0.001,Low,No single dominant signal — risk driven by a broad combination of factors,Review full usage trend in the dashboard before deciding on outreach.,0.0,1.4285714285714286,0.0,8.0,2026-06-23
ACC-00356,Starter,FinTech,1,104.15,128,0.001,Low,Low NPS/survey response (1/10),Personally follow up on their survey feedback; treat as a save-play priority.,2.0,0.9523809523809524,0.0,1.0,2026-06-28
ACC-01120,Scale,EdTech,14,2399.2,142,0.001,Low,Low NPS/survey response (5/10),Personally follow up on their survey feedback; treat as a save-play priority.,0.0,0.9703504043126684,0.0,5.0,2026-06-23
ACC-00762,Growth,EdTech,2,181.3,135,0.001,Low,No single dominant signal — risk driven by a broad combination of factors,Review full usage trend in the dashboard before deciding on outreach.,0.0,1.9047619047619049,0.0,10.0,2026-06-22
ACC-00653,Starter,FinTech,4,137.23,184,0.001,Low,Low NPS/survey response (1/10),Personally follow up on their survey feedback; treat as a save-play priority.,1.0,1.1583011583011582,0.0,1.0,2026-06-28
ACC-00451,Growth,FinTech,17,2327.24,212,0.001,Low,No single dominant signal — risk driven by a broad combination of factors,Review full usage trend in the dashboard before deciding on outreach.,0.0,1.153298528713811,0.0,7.0,2026-06-23
ACC-00580,Starter,Professional Services,3,118.68,205,0.001,Low,No single dominant signal — risk driven by a broad combination of factors,Review full usage trend in the dashboard before deciding on outreach.,0.0,1.4285714285714284,0.0,8.0,2026-06-26
ACC-01039,Enterprise,Professional Services,6,1922.86,219,0.001,Low,No single dominant signal — risk driven by a broad combination of factors,Review full usage trend in the dashboard before deciding on outreach.,0.0,1.2175324675324677,0.0,9.0,2026-06-27
ACC-00188,Starter,Logistics,4,170.33,128,0.001,Low,Low NPS/survey response (5/10),Personally follow up on their survey feedback; treat as a save-play priority.,0.0,1.2857142857142858,0.0,5.0,2026-06-25
ACC-01159,Starter,FinTech,5,157.76,233,0.0,Low,Low NPS/survey response (6/10),Personally follow up on their survey feedback; treat as a save-play priority.,0.0,1.1402359108781128,0.0,6.0,2026-06-26
ACC-00264,Starter,Manufacturing,5,162.72,219,0.0,Low,Low NPS/survey response (2/10),Personally follow up on their survey feedback; treat as a save-play priority.,0.0,1.349206349206349,0.0,2.0,2026-06-26
ACC-00145,Scale,Professional Services,5,1294.12,128,0.0,Low,Low NPS/survey response (1/10),Personally follow up on their survey feedback; treat as a save-play priority.,0.0,1.4464285714285716,0.0,1.0,2026-06-25
ACC-00156,Starter,Professional Services,2,195.57,184,0.0,Low,No single dominant signal — risk driven by a broad combination of factors,Review full usage trend in the dashboard before deciding on outreach.,0.0,1.0714285714285714,0.0,9.0,2026-06-22
ACC-00818,Growth,FinTech,1,93.88,170,0.0,Low,No single dominant signal — risk driven by a broad combination of factors,Review full usage trend in the dashboard before deciding on outreach.,4.0,0.9523809523809524,0.0,7.0,2026-06-28
ACC-00685,Starter,Manufacturing,1,105.04,233,0.0,Low,Low NPS/survey response (0/10),Personally follow up on their survey feedback; treat as a save-play priority.,0.0,1.7647058823529411,0.499999750000125,0.0,2026-06-22
ACC-00971,Starter,FinTech,1,95.2,142,0.0,Low,Low NPS/survey response (2/10),Personally follow up on their survey feedback; treat as a save-play priority.,0.0,0.9316770186335404,0.0,2.0,2026-06-25
ACC-00602,Starter,FinTech,2,79.73,233,0.0,Low,No single dominant signal — risk driven by a broad combination of factors,Review full usage trend in the dashboard before deciding on outreach.,0.0,1.6190476190476188,0.0,10.0,2026-06-25
ACC-00385,Starter,Healthcare,1,56.59,135,0.0,Low,No single dominant signal — risk driven by a broad combination of factors,Review full usage trend in the dashboard before deciding on outreach.,2.0,1.2605042016806722,0.0,9.0,2026-06-25
